date,quarter,warehouse_id,product_id,units_received,units_produced,units_shipped,closing_stock,reorder_flag,capacity_utilization_pct
2024-01-01,Q1 2024,WH-01,PRD-01,6,11,14,72,True,17.56
2024-01-02,Q1 2024,WH-01,PRD-01,13,9,10,71,True,17.32
2024-01-03,Q1 2024,WH-01,PRD-01,11,10,13,68,True,16.59
2024-01-04,Q1 2024,WH-01,PRD-01,13,10,16,62,True,15.12
2024-01-05,Q1 2024,WH-01,PRD-01,12,7,10,59,True,14.39
2024-01-06,Q1 2024,WH-01,PRD-01,11,12,10,61,True,14.88
2024-01-07,Q1 2024,WH-01,PRD-01,9,11,16,56,True,13.66
2024-01-08,Q1 2024,WH-01,PRD-01,8,11,13,54,True,13.17
2024-01-09,Q1 2024,WH-01,PRD-01,10,10,9,55,True,13.41
2024-01-10,Q1 2024,WH-01,PRD-01,13,7,12,50,True,12.2
2024-01-11,Q1 2024,WH-01,PRD-01,12,10,9,51,True,12.44
2024-01-12,Q1 2024,WH-01,PRD-01,9,10,9,52,True,12.68
2024-01-13,Q1 2024,WH-01,PRD-01,12,9,11,50,True,12.2
2024-01-14,Q1 2024,WH-01,PRD-01,12,10,5,55,True,13.41
2024-01-15,Q1 2024,WH-01,PRD-01,9,12,5,62,True,15.12
2024-01-16,Q1 2024,WH-01,PRD-01,12,16,9,69,True,16.83
2024-01-17,Q1 2024,WH-01,PRD-01,12,11,7,73,True,17.8
2024-01-18,Q1 2024,WH-01,PRD-01,9,11,12,72,True,17.56
2024-01-19,Q1 2024,WH-01,PRD-01,12,11,8,75,True,18.29
2024-01-20,Q1 2024,WH-01,PRD-01,13,6,6,75,True,18.29
2024-01-21,Q1 2024,WH-01,PRD-01,14,11,15,71,True,17.32
2024-01-22,Q1 2024,WH-01,PRD-01,14,11,10,72,True,17.56
2024-01-23,Q1 2024,WH-01,PRD-01,8,17,11,78,True,19.02
2024-01-24,Q1 2024,WH-01,PRD-01,9,10,6,82,True,20.0
2024-01-25,Q1 2024,WH-01,PRD-01,13,12,9,85,True,20.73
2024-01-26,Q1 2024,WH-01,PRD-01,13,11,11,85,True,20.73
2024-01-27,Q1 2024,WH-01,PRD-01,13,8,7,86,True,20.98
2024-01-28,Q1 2024,WH-01,PRD-01,20,14,12,88,True,21.46
2024-01-29,Q1 2024,WH-01,PRD-01,13,13,9,92,True,22.44
2024-01-30,Q1 2024,WH-01,PRD-01,14,13,10,95,False,23.17
2024-01-31,Q1 2024,WH-01,PRD-01,14,8,9,94,False,22.93
2024-02-01,Q1 2024,WH-01,PRD-01,13,15,17,92,True,22.44
2024-02-02,Q1 2024,WH-01,PRD-01,11,7,11,88,True,21.46
2024-02-03,Q1 2024,WH-01,PRD-01,13,12,7,93,True,22.68
2024-02-04,Q1 2024,WH-01,PRD-01,10,17,13,97,False,23.66
2024-02-05,Q1 2024,WH-01,PRD-01,11,8,7,98,False,23.9
2024-02-06,Q1 2024,WH-01,PRD-01,10,9,11,96,False,23.41
2024-02-07,Q1 2024,WH-01,PRD-01,12,11,4,103,False,25.12
2024-02-08,Q1 2024,WH-01,PRD-01,17,9,6,106,False,25.85
2024-02-09,Q1 2024,WH-01,PRD-01,7,7,11,102,False,24.88
2024-02-10,Q1 2024,WH-01,PRD-01,13,11,13,100,False,24.39
2024-02-11,Q1 2024,WH-01,PRD-01,8,8,11,97,False,23.66
2024-02-12,Q1 2024,WH-01,PRD-01,10,12,10,99,False,24.15
2024-02-13,Q1 2024,WH-01,PRD-01,14,8,10,97,False,23.66
2024-02-14,Q1 2024,WH-01,PRD-01,12,15,6,106,False,25.85
2024-02-15,Q1 2024,WH-01,PRD-01,9,9,8,107,False,26.1
2024-02-16,Q1 2024,WH-01,PRD-01,10,10,9,108,False,26.34
2024-02-17,Q1 2024,WH-01,PRD-01,13,13,14,107,False,26.1
2024-02-18,Q1 2024,WH-01,PRD-01,10,7,12,102,False,24.88
2024-02-19,Q1 2024,WH-01,PRD-01,12,11,5,108,False,26.34
2024-02-20,Q1 2024,WH-01,PRD-01,12,14,12,110,False,26.83
2024-02-21,Q1 2024,WH-01,PRD-01,10,6,9,107,False,26.1
2024-02-22,Q1 2024,WH-01,PRD-01,16,11,9,109,False,26.59
2024-02-23,Q1 2024,WH-01,PRD-01,13,11,13,107,False,26.1
2024-02-24,Q1 2024,WH-01,PRD-01,7,13,14,106,False,25.85
2024-02-25,Q1 2024,WH-01,PRD-01,12,7,14,99,False,24.15
2024-02-26,Q1 2024,WH-01,PRD-01,10,7,8,98,False,23.9
2024-02-27,Q1 2024,WH-01,PRD-01,13,12,10,100,False,24.39
2024-02-28,Q1 2024,WH-01,PRD-01,10,12,12,100,False,24.39
2024-02-29,Q1 2024,WH-01,PRD-01,11,11,14,97,False,23.66
2024-03-01,Q1 2024,WH-01,PRD-01,13,12,9,100,False,24.39
2024-03-02,Q1 2024,WH-01,PRD-01,13,9,10,99,False,24.15
2024-03-03,Q1 2024,WH-01,PRD-01,9,11,7,103,False,25.12
2024-03-04,Q1 2024,WH-01,PRD-01,11,12,7,108,False,26.34
2024-03-05,Q1 2024,WH-01,PRD-01,10,9,13,104,False,25.37
2024-03-06,Q1 2024,WH-01,PRD-01,10,16,15,105,False,25.61
2024-03-07,Q1 2024,WH-01,PRD-01,15,12,10,107,False,26.1
2024-03-08,Q1 2024,WH-01,PRD-01,12,8,14,101,False,24.63
2024-03-09,Q1 2024,WH-01,PRD-01,9,13,12,102,False,24.88
2024-03-10,Q1 2024,WH-01,PRD-01,14,8,9,101,False,24.63
2024-03-11,Q1 2024,WH-01,PRD-01,16,13,12,102,False,24.88
2024-03-12,Q1 2024,WH-01,PRD-01,14,14,16,100,False,24.39
2024-03-13,Q1 2024,WH-01,PRD-01,8,9,11,98,False,23.9
2024-03-14,Q1 2024,WH-01,PRD-01,10,13,16,95,False,23.17
2024-03-15,Q1 2024,WH-01,PRD-01,14,12,2,105,False,25.61
2024-03-16,Q1 2024,WH-01,PRD-01,10,13,13,105,False,25.61
2024-03-17,Q1 2024,WH-01,PRD-01,12,16,11,110,False,26.83
2024-03-18,Q1 2024,WH-01,PRD-01,13,10,10,110,False,26.83
2024-03-19,Q1 2024,WH-01,PRD-01,9,9,11,108,False,26.34
2024-03-20,Q1 2024,WH-01,PRD-01,11,8,4,112,False,27.32
2024-03-21,Q1 2024,WH-01,PRD-01,4,9,10,111,False,27.07
2024-03-22,Q1 2024,WH-01,PRD-01,9,11,12,110,False,26.83
2024-03-23,Q1 2024,WH-01,PRD-01,11,12,15,107,False,26.1
2024-03-24,Q1 2024,WH-01,PRD-01,9,12,9,110,False,26.83
2024-03-25,Q1 2024,WH-01,PRD-01,15,13,8,115,False,28.05
2024-03-26,Q1 2024,WH-01,PRD-01,8,11,9,117,False,28.54
2024-03-27,Q1 2024,WH-01,PRD-01,10,15,14,118,False,28.78
2024-03-28,Q1 2024,WH-01,PRD-01,12,10,12,116,False,28.29
2024-03-29,Q1 2024,WH-01,PRD-01,15,18,9,125,False,30.49
2024-03-30,Q1 2024,WH-01,PRD-01,8,12,12,125,False,30.49
2024-03-31,Q1 2024,WH-01,PRD-01,14,8,11,122,False,29.76
2024-01-01,Q1 2024,WH-02,PRD-01,0,0,0,0,False,0.0
2024-01-02,Q1 2024,WH-02,PRD-01,0,0,0,0,False,0.0
2024-01-03,Q1 2024,WH-02,PRD-01,0,0,0,0,False,0.0
2024-01-04,Q1 2024,WH-02,PRD-01,0,0,0,0,False,0.0
2024-01-05,Q1 2024,WH-02,PRD-01,0,0,0,0,False,0.0
2024-01-06,Q1 2024,WH-02,PRD-01,0,0,0,0,False,0.0
2024-01-07,Q1 2024,WH-02,PRD-01,0,0,0,0,False,0.0
2024-01-08,Q1 2024,WH-02,PRD-01,0,0,0,0,False,0.0
2024-01-09,Q1 2024,WH-02,PRD-01,0,0,0,0,False,0.0
2024-01-10,Q1 2024,WH-02,PRD-01,0,0,0,0,False,0.0
2024-01-11,Q1 2024,WH-02,PRD-01,0,0,0,0,False,0.0
2024-01-12,Q1 2024,WH-02,PRD-01,0,0,0,0,False,0.0
2024-01-13,Q1 2024,WH-02,PRD-01,0,0,0,0,False,0.0
2024-01-14,Q1 2024,WH-02,PRD-01,0,0,0,0,False,0.0
2024-01-15,Q1 2024,WH-02,PRD-01,0,0,0,0,False,0.0
2024-01-16,Q1 2024,WH-02,PRD-01,0,0,0,0,False,0.0
2024-01-17,Q1 2024,WH-02,PRD-01,0,0,0,0,False,0.0
2024-01-18,Q1 2024,WH-02,PRD-01,0,0,0,0,False,0.0
2024-01-19,Q1 2024,WH-02,PRD-01,0,0,0,0,False,0.0
2024-01-20,Q1 2024,WH-02,PRD-01,0,0,0,0,False,0.0
2024-01-21,Q1 2024,WH-02,PRD-01,0,0,0,0,False,0.0
2024-01-22,Q1 2024,WH-02,PRD-01,0,0,0,0,False,0.0
2024-01-23,Q1 2024,WH-02,PRD-01,0,0,0,0,False,0.0
2024-01-24,Q1 2024,WH-02,PRD-01,0,0,0,0,False,0.0
2024-01-25,Q1 2024,WH-02,PRD-01,0,0,0,0,False,0.0
2024-01-26,Q1 2024,WH-02,PRD-01,0,0,0,0,False,0.0
2024-01-27,Q1 2024,WH-02,PRD-01,0,0,0,0,False,0.0
2024-01-28,Q1 2024,WH-02,PRD-01,0,0,0,0,False,0.0
2024-01-29,Q1 2024,WH-02,PRD-01,0,0,0,0,False,0.0
2024-01-30,Q1 2024,WH-02,PRD-01,0,0,0,0,False,0.0
2024-01-31,Q1 2024,WH-02,PRD-01,0,0,0,0,False,0.0
2024-02-01,Q1 2024,WH-02,PRD-01,0,0,0,0,False,0.0
2024-02-02,Q1 2024,WH-02,PRD-01,0,0,0,0,False,0.0
2024-02-03,Q1 2024,WH-02,PRD-01,0,0,0,0,False,0.0
2024-02-04,Q1 2024,WH-02,PRD-01,0,0,0,0,False,0.0
2024-02-05,Q1 2024,WH-02,PRD-01,0,0,0,0,False,0.0
2024-02-06,Q1 2024,WH-02,PRD-01,0,0,0,0,False,0.0
2024-02-07,Q1 2024,WH-02,PRD-01,0,0,0,0,False,0.0
2024-02-08,Q1 2024,WH-02,PRD-01,0,0,0,0,False,0.0
2024-02-09,Q1 2024,WH-02,PRD-01,0,0,0,0,False,0.0
2024-02-10,Q1 2024,WH-02,PRD-01,0,0,0,0,False,0.0
2024-02-11,Q1 2024,WH-02,PRD-01,0,0,0,0,False,0.0
2024-02-12,Q1 2024,WH-02,PRD-01,0,0,0,0,False,0.0
2024-02-13,Q1 2024,WH-02,PRD-01,0,0,0,0,False,0.0
2024-02-14,Q1 2024,WH-02,PRD-01,0,0,0,0,False,0.0
2024-02-15,Q1 2024,WH-02,PRD-01,0,0,0,0,False,0.0
2024-02-16,Q1 2024,WH-02,PRD-01,0,0,0,0,False,0.0
2024-02-17,Q1 2024,WH-02,PRD-01,0,0,0,0,False,0.0
2024-02-18,Q1 2024,WH-02,PRD-01,0,0,0,0,False,0.0
2024-02-19,Q1 2024,WH-02,PRD-01,0,0,0,0,False,0.0
2024-02-20,Q1 2024,WH-02,PRD-01,0,0,0,0,False,0.0
2024-02-21,Q1 2024,WH-02,PRD-01,0,0,0,0,False,0.0
2024-02-22,Q1 2024,WH-02,PRD-01,0,0,0,0,False,0.0
2024-02-23,Q1 2024,WH-02,PRD-01,0,0,0,0,False,0.0
2024-02-24,Q1 2024,WH-02,PRD-01,0,0,0,0,False,0.0
2024-02-25,Q1 2024,WH-02,PRD-01,0,0,0,0,False,0.0
2024-02-26,Q1 2024,WH-02,PRD-01,0,0,0,0,False,0.0
2024-02-27,Q1 2024,WH-02,PRD-01,0,0,0,0,False,0.0
2024-02-28,Q1 2024,WH-02,PRD-01,0,0,0,0,False,0.0
2024-02-29,Q1 2024,WH-02,PRD-01,0,0,0,0,False,0.0
2024-03-01,Q1 2024,WH-02,PRD-01,0,0,0,0,False,0.0
2024-03-02,Q1 2024,WH-02,PRD-01,0,0,0,0,False,0.0
2024-03-03,Q1 2024,WH-02,PRD-01,0,0,0,0,False,0.0
2024-03-04,Q1 2024,WH-02,PRD-01,0,0,0,0,False,0.0
2024-03-05,Q1 2024,WH-02,PRD-01,0,0,0,0,False,0.0
2024-03-06,Q1 2024,WH-02,PRD-01,0,0,0,0,False,0.0
2024-03-07,Q1 2024,WH-02,PRD-01,0,0,0,0,False,0.0
2024-03-08,Q1 2024,WH-02,PRD-01,0,0,0,0,False,0.0
2024-03-09,Q1 2024,WH-02,PRD-01,0,0,0,0,False,0.0
2024-03-10,Q1 2024,WH-02,PRD-01,0,0,0,0,False,0.0
2024-03-11,Q1 2024,WH-02,PRD-01,0,0,0,0,False,0.0
2024-03-12,Q1 2024,WH-02,PRD-01,0,0,0,0,False,0.0
2024-03-13,Q1 2024,WH-02,PRD-01,0,0,0,0,False,0.0
2024-03-14,Q1 2024,WH-02,PRD-01,0,0,0,0,False,0.0
2024-03-15,Q1 2024,WH-02,PRD-01,0,0,0,0,False,0.0
2024-03-16,Q1 2024,WH-02,PRD-01,0,0,0,0,False,0.0
2024-03-17,Q1 2024,WH-02,PRD-01,0,0,0,0,False,0.0
2024-03-18,Q1 2024,WH-02,PRD-01,0,0,0,0,False,0.0
2024-03-19,Q1 2024,WH-02,PRD-01,0,0,0,0,False,0.0
2024-03-20,Q1 2024,WH-02,PRD-01,0,0,0,0,False,0.0
2024-03-21,Q1 2024,WH-02,PRD-01,0,0,0,0,False,0.0
2024-03-22,Q1 2024,WH-02,PRD-01,0,0,0,0,False,0.0
2024-03-23,Q1 2024,WH-02,PRD-01,0,0,0,0,False,0.0
2024-03-24,Q1 2024,WH-02,PRD-01,0,0,0,0,False,0.0
2024-03-25,Q1 2024,WH-02,PRD-01,0,0,0,0,False,0.0
2024-03-26,Q1 2024,WH-02,PRD-01,0,0,0,0,False,0.0
2024-03-27,Q1 2024,WH-02,PRD-01,0,0,0,0,False,0.0
2024-03-28,Q1 2024,WH-02,PRD-01,0,0,0,0,False,0.0
2024-03-29,Q1 2024,WH-02,PRD-01,0,0,0,0,False,0.0
2024-03-30,Q1 2024,WH-02,PRD-01,0,0,0,0,False,0.0
2024-03-31,Q1 2024,WH-02,PRD-01,0,0,0,0,False,0.0
2024-01-01,Q1 2024,WH-03,PRD-03,325,411,328,2512,True,14.13
2024-01-02,Q1 2024,WH-03,PRD-03,372,312,230,2594,True,14.59
2024-01-03,Q1 2024,WH-03,PRD-03,302,367,372,2589,True,14.56
2024-01-04,Q1 2024,WH-03,PRD-03,338,348,346,2591,True,14.58
2024-01-05,Q1 2024,WH-03,PRD-03,289,356,268,2679,True,15.07
2024-01-06,Q1 2024,WH-03,PRD-03,530,280,333,2626,True,14.77
2024-01-07,Q1 2024,WH-03,PRD-03,383,349,289,2686,True,15.11
2024-01-08,Q1 2024,WH-03,PRD-03,327,390,338,2738,True,15.4
2024-01-09,Q1 2024,WH-03,PRD-03,397,473,391,2820,True,15.86
2024-01-10,Q1 2024,WH-03,PRD-03,372,430,482,2768,True,15.57
2024-01-11,Q1 2024,WH-03,PRD-03,364,534,205,3097,False,17.42
2024-01-12,Q1 2024,WH-03,PRD-03,427,280,536,2841,True,15.98
2024-01-13,Q1 2024,WH-03,PRD-03,438,423,135,3129,False,17.6
2024-01-14,Q1 2024,WH-03,PRD-03,340,363,312,3180,False,17.89
2024-01-15,Q1 2024,WH-03,PRD-03,337,537,384,3333,False,18.75
2024-01-16,Q1 2024,WH-03,PRD-03,360,277,354,3256,False,18.32
2024-01-17,Q1 2024,WH-03,PRD-03,205,274,266,3264,False,18.36
2024-01-18,Q1 2024,WH-03,PRD-03,265,295,306,3253,False,18.3
2024-01-19,Q1 2024,WH-03,PRD-03,485,163,278,3138,False,17.65
2024-01-20,Q1 2024,WH-03,PRD-03,506,301,269,3170,False,17.83
2024-01-21,Q1 2024,WH-03,PRD-03,362,281,410,3041,False,17.11
2024-01-22,Q1 2024,WH-03,PRD-03,424,360,362,3039,False,17.1
2024-01-23,Q1 2024,WH-03,PRD-03,404,377,259,3157,False,17.76
2024-01-24,Q1 2024,WH-03,PRD-03,615,510,415,3252,False,18.29
2024-01-25,Q1 2024,WH-03,PRD-03,466,430,357,3325,False,18.7
2024-01-26,Q1 2024,WH-03,PRD-03,371,297,406,3216,False,18.09
2024-01-27,Q1 2024,WH-03,PRD-03,308,269,388,3097,False,17.42
2024-01-28,Q1 2024,WH-03,PRD-03,258,390,245,3242,False,18.24
2024-01-29,Q1 2024,WH-03,PRD-03,396,233,272,3203,False,18.02
2024-01-30,Q1 2024,WH-03,PRD-03,323,506,400,3309,False,18.61
2024-01-31,Q1 2024,WH-03,PRD-03,272,449,386,3372,False,18.97
2024-02-01,Q1 2024,WH-03,PRD-03,331,306,325,3353,False,18.86
2024-02-02,Q1 2024,WH-03,PRD-03,298,198,338,3213,False,18.07
2024-02-03,Q1 2024,WH-03,PRD-03,509,465,452,3226,False,18.15
2024-02-04,Q1 2024,WH-03,PRD-03,448,337,269,3294,False,18.53
2024-02-05,Q1 2024,WH-03,PRD-03,380,454,380,3368,False,18.95
2024-02-06,Q1 2024,WH-03,PRD-03,493,209,307,3270,False,18.39
2024-02-07,Q1 2024,WH-03,PRD-03,386,295,305,3260,False,18.34
2024-02-08,Q1 2024,WH-03,PRD-03,315,348,434,3174,False,17.85
2024-02-09,Q1 2024,WH-03,PRD-03,497,351,407,3118,False,17.54
2024-02-10,Q1 2024,WH-03,PRD-03,422,308,406,3020,True,16.99
2024-02-11,Q1 2024,WH-03,PRD-03,302,401,454,2967,True,16.69
2024-02-12,Q1 2024,WH-03,PRD-03,366,254,329,2892,True,16.27
2024-02-13,Q1 2024,WH-03,PRD-03,314,335,393,2834,True,15.94
2024-02-14,Q1 2024,WH-03,PRD-03,275,357,296,2895,True,16.29
2024-02-15,Q1 2024,WH-03,PRD-03,451,392,358,2929,True,16.48
2024-02-16,Q1 2024,WH-03,PRD-03,526,409,314,3024,True,17.01
2024-02-17,Q1 2024,WH-03,PRD-03,274,249,336,2937,True,16.52
2024-02-18,Q1 2024,WH-03,PRD-03,423,214,385,2766,True,15.56
2024-02-19,Q1 2024,WH-03,PRD-03,331,458,246,2978,True,16.75
2024-02-20,Q1 2024,WH-03,PRD-03,344,376,532,2822,True,15.87
2024-02-21,Q1 2024,WH-03,PRD-03,335,282,228,2876,True,16.18
2024-02-22,Q1 2024,WH-03,PRD-03,315,482,208,3150,False,17.72
2024-02-23,Q1 2024,WH-03,PRD-03,384,357,440,3067,False,17.25
2024-02-24,Q1 2024,WH-03,PRD-03,317,449,404,3112,False,17.51
2024-02-25,Q1 2024,WH-03,PRD-03,401,353,388,3077,False,17.31
2024-02-26,Q1 2024,WH-03,PRD-03,377,526,388,3215,False,18.09
2024-02-27,Q1 2024,WH-03,PRD-03,362,499,325,3389,False,19.06
2024-02-28,Q1 2024,WH-03,PRD-03,312,325,239,3475,False,19.55
2024-02-29,Q1 2024,WH-03,PRD-03,337,431,334,3572,False,20.09
2024-03-01,Q1 2024,WH-03,PRD-03,438,403,260,3715,False,20.9
2024-03-02,Q1 2024,WH-03,PRD-03,419,466,422,3759,False,21.15
2024-03-03,Q1 2024,WH-03,PRD-03,306,263,312,3710,False,20.87
2024-03-04,Q1 2024,WH-03,PRD-03,388,407,246,3871,False,21.78
2024-03-05,Q1 2024,WH-03,PRD-03,438,439,295,4015,False,22.59
2024-03-06,Q1 2024,WH-03,PRD-03,254,194,367,3842,False,21.61
2024-03-07,Q1 2024,WH-03,PRD-03,422,244,271,3815,False,21.46
2024-03-08,Q1 2024,WH-03,PRD-03,330,170,246,3739,False,21.03
2024-03-09,Q1 2024,WH-03,PRD-03,424,324,350,3713,False,20.89
2024-03-10,Q1 2024,WH-03,PRD-03,322,409,351,3771,False,21.21
2024-03-11,Q1 2024,WH-03,PRD-03,243,477,277,3971,False,22.34
2024-03-12,Q1 2024,WH-03,PRD-03,257,353,280,4044,False,22.75
2024-03-13,Q1 2024,WH-03,PRD-03,384,488,349,4183,False,23.53
2024-03-14,Q1 2024,WH-03,PRD-03,400,227,185,4225,False,23.77
2024-03-15,Q1 2024,WH-03,PRD-03,312,199,189,4235,False,23.82
2024-03-16,Q1 2024,WH-03,PRD-03,429,342,256,4321,False,24.31
2024-03-17,Q1 2024,WH-03,PRD-03,254,380,306,4395,False,24.72
2024-03-18,Q1 2024,WH-03,PRD-03,376,344,357,4382,False,24.65
2024-03-19,Q1 2024,WH-03,PRD-03,288,168,471,4079,False,22.95
2024-03-20,Q1 2024,WH-03,PRD-03,331,339,411,4007,False,22.54
2024-03-21,Q1 2024,WH-03,PRD-03,384,234,311,3930,False,22.11
2024-03-22,Q1 2024,WH-03,PRD-03,315,405,325,4010,False,22.56
2024-03-23,Q1 2024,WH-03,PRD-03,351,379,228,4161,False,23.41
2024-03-24,Q1 2024,WH-03,PRD-03,457,266,325,4102,False,23.07
2024-03-25,Q1 2024,WH-03,PRD-03,337,302,298,4106,False,23.1
2024-03-26,Q1 2024,WH-03,PRD-03,444,255,358,4003,False,22.52
2024-03-27,Q1 2024,WH-03,PRD-03,295,342,246,4099,False,23.06
2024-03-28,Q1 2024,WH-03,PRD-03,421,430,377,4152,False,23.36
2024-03-29,Q1 2024,WH-03,PRD-03,490,262,477,3937,False,22.15
2024-03-30,Q1 2024,WH-03,PRD-03,192,391,316,4012,False,22.57
2024-03-31,Q1 2024,WH-03,PRD-03,320,301,366,3947,False,22.2
2024-04-01,Q2 2024,WH-01,PRD-01,26,28,25,176,True,42.93
2024-04-02,Q2 2024,WH-01,PRD-01,22,17,22,171,True,41.71
2024-04-03,Q2 2024,WH-01,PRD-01,27,17,26,162,True,39.51
2024-04-04,Q2 2024,WH-01,PRD-01,21,23,19,166,True,40.49
2024-04-05,Q2 2024,WH-01,PRD-01,28,36,24,178,True,43.41
2024-04-06,Q2 2024,WH-01,PRD-01,17,24,22,180,True,43.9
2024-04-07,Q2 2024,WH-01,PRD-01,31,16,31,165,True,40.24
2024-04-08,Q2 2024,WH-01,PRD-01,28,24,25,164,True,40.0
2024-04-09,Q2 2024,WH-01,PRD-01,27,24,26,162,True,39.51
2024-04-10,Q2 2024,WH-01,PRD-01,31,8,20,150,True,36.59
2024-04-11,Q2 2024,WH-01,PRD-01,35,25,20,155,True,37.8
2024-04-12,Q2 2024,WH-01,PRD-01,31,24,20,159,True,38.78
2024-04-13,Q2 2024,WH-01,PRD-01,16,30,26,163,True,39.76
2024-04-14,Q2 2024,WH-01,PRD-01,19,37,20,180,True,43.9
2024-04-15,Q2 2024,WH-01,PRD-01,23,33,25,188,True,45.85
2024-04-16,Q2 2024,WH-01,PRD-01,26,24,38,174,True,42.44
2024-04-17,Q2 2024,WH-01,PRD-01,29,19,29,164,True,40.0
2024-04-18,Q2 2024,WH-01,PRD-01,22,42,21,185,True,45.12
2024-04-19,Q2 2024,WH-01,PRD-01,27,26,32,179,True,43.66
2024-04-20,Q2 2024,WH-01,PRD-01,22,26,20,185,True,45.12
2024-04-21,Q2 2024,WH-01,PRD-01,23,25,9,201,True,49.02
2024-04-22,Q2 2024,WH-01,PRD-01,19,27,16,212,True,51.71
2024-04-23,Q2 2024,WH-01,PRD-01,21,25,10,227,False,55.37
2024-04-24,Q2 2024,WH-01,PRD-01,19,22,21,228,False,55.61
2024-04-25,Q2 2024,WH-01,PRD-01,21,22,23,227,False,55.37
2024-04-26,Q2 2024,WH-01,PRD-01,31,25,35,217,False,52.93
2024-04-27,Q2 2024,WH-01,PRD-01,21,22,25,214,True,52.2
2024-04-28,Q2 2024,WH-01,PRD-01,40,21,22,213,True,51.95
2024-04-29,Q2 2024,WH-01,PRD-01,29,26,29,210,True,51.22
2024-04-30,Q2 2024,WH-01,PRD-01,27,24,8,226,False,55.12
2024-05-01,Q2 2024,WH-01,PRD-01,22,35,25,236,False,57.56
2024-05-02,Q2 2024,WH-01,PRD-01,30,9,29,216,False,52.68
2024-05-03,Q2 2024,WH-01,PRD-01,23,33,13,236,False,57.56
2024-05-04,Q2 2024,WH-01,PRD-01,27,34,31,239,False,58.29
2024-05-05,Q2 2024,WH-01,PRD-01,39,12,26,225,False,54.88
2024-05-06,Q2 2024,WH-01,PRD-01,25,23,20,228,False,55.61
2024-05-07,Q2 2024,WH-01,PRD-01,32,23,28,223,False,54.39
2024-05-08,Q2 2024,WH-01,PRD-01,22,17,39,201,True,49.02
2024-05-09,Q2 2024,WH-01,PRD-01,26,21,24,198,True,48.29
2024-05-10,Q2 2024,WH-01,PRD-01,35,18,25,191,True,46.59
2024-05-11,Q2 2024,WH-01,PRD-01,23,37,20,208,True,50.73
2024-05-12,Q2 2024,WH-01,PRD-01,35,32,17,223,False,54.39
2024-05-13,Q2 2024,WH-01,PRD-01,30,34,29,228,False,55.61
2024-05-14,Q2 2024,WH-01,PRD-01,23,30,17,241,False,58.78
2024-05-15,Q2 2024,WH-01,PRD-01,29,18,24,235,False,57.32
2024-05-16,Q2 2024,WH-01,PRD-01,31,22,20,237,False,57.8
2024-05-17,Q2 2024,WH-01,PRD-01,29,29,26,240,False,58.54
2024-05-18,Q2 2024,WH-01,PRD-01,18,18,25,233,False,56.83
2024-05-19,Q2 2024,WH-01,PRD-01,22,30,30,233,False,56.83
2024-05-20,Q2 2024,WH-01,PRD-01,25,24,20,237,False,57.8
2024-05-21,Q2 2024,WH-01,PRD-01,26,23,21,239,False,58.29
2024-05-22,Q2 2024,WH-01,PRD-01,29,30,16,253,False,61.71
2024-05-23,Q2 2024,WH-01,PRD-01,27,28,20,261,False,63.66
2024-05-24,Q2 2024,WH-01,PRD-01,19,23,26,258,False,62.93
2024-05-25,Q2 2024,WH-01,PRD-01,28,33,28,263,False,64.15
2024-05-26,Q2 2024,WH-01,PRD-01,29,19,17,265,False,64.63
2024-05-27,Q2 2024,WH-01,PRD-01,29,30,29,266,False,64.88
2024-05-28,Q2 2024,WH-01,PRD-01,32,29,33,262,False,63.9
2024-05-29,Q2 2024,WH-01,PRD-01,30,24,26,260,False,63.41
2024-05-30,Q2 2024,WH-01,PRD-01,28,28,36,252,False,61.46
2024-05-31,Q2 2024,WH-01,PRD-01,26,18,18,252,False,61.46
2024-06-01,Q2 2024,WH-01,PRD-01,17,32,15,269,False,65.61
2024-06-02,Q2 2024,WH-01,PRD-01,28,24,11,282,False,68.78
2024-06-03,Q2 2024,WH-01,PRD-01,27,22,34,270,False,65.85
2024-06-04,Q2 2024,WH-01,PRD-01,27,32,28,274,False,66.83
2024-06-05,Q2 2024,WH-01,PRD-01,19,21,23,272,False,66.34
2024-06-06,Q2 2024,WH-01,PRD-01,20,17,25,264,False,64.39
2024-06-07,Q2 2024,WH-01,PRD-01,31,16,15,265,False,64.63
2024-06-08,Q2 2024,WH-01,PRD-01,26,29,40,254,False,61.95
2024-06-09,Q2 2024,WH-01,PRD-01,30,17,24,247,False,60.24
2024-06-10,Q2 2024,WH-01,PRD-01,26,37,24,260,False,63.41
2024-06-11,Q2 2024,WH-01,PRD-01,26,12,28,244,False,59.51
2024-06-12,Q2 2024,WH-01,PRD-01,31,36,26,254,False,61.95
2024-06-13,Q2 2024,WH-01,PRD-01,23,27,25,256,False,62.44
2024-06-14,Q2 2024,WH-01,PRD-01,26,25,18,263,False,64.15
2024-06-15,Q2 2024,WH-01,PRD-01,24,22,26,259,False,63.17
2024-06-16,Q2 2024,WH-01,PRD-01,24,28,36,251,False,61.22
2024-06-17,Q2 2024,WH-01,PRD-01,24,25,33,243,False,59.27
2024-06-18,Q2 2024,WH-01,PRD-01,27,33,34,242,False,59.02
2024-06-19,Q2 2024,WH-01,PRD-01,24,26,20,248,False,60.49
2024-06-20,Q2 2024,WH-01,PRD-01,33,27,16,259,False,63.17
2024-06-21,Q2 2024,WH-01,PRD-01,21,23,22,260,False,63.41
2024-06-22,Q2 2024,WH-01,PRD-01,25,25,24,261,False,63.66
2024-06-23,Q2 2024,WH-01,PRD-01,24,28,31,258,False,62.93
2024-06-24,Q2 2024,WH-01,PRD-01,34,15,11,262,False,63.9
2024-06-25,Q2 2024,WH-01,PRD-01,27,17,34,245,False,59.76
2024-06-26,Q2 2024,WH-01,PRD-01,31,30,22,253,False,61.71
2024-06-27,Q2 2024,WH-01,PRD-01,18,27,20,260,False,63.41
2024-06-28,Q2 2024,WH-01,PRD-01,27,24,16,268,False,65.37
2024-06-29,Q2 2024,WH-01,PRD-01,31,26,12,282,False,68.78
2024-06-30,Q2 2024,WH-01,PRD-01,26,28,29,281,False,68.54
2024-04-01,Q2 2024,WH-02,PRD-01,0,0,0,0,False,0.0
2024-04-02,Q2 2024,WH-02,PRD-01,0,0,0,0,False,0.0
2024-04-03,Q2 2024,WH-02,PRD-01,0,0,0,0,False,0.0
2024-04-04,Q2 2024,WH-02,PRD-01,0,0,0,0,False,0.0
2024-04-05,Q2 2024,WH-02,PRD-01,0,0,0,0,False,0.0
2024-04-06,Q2 2024,WH-02,PRD-01,0,0,0,0,False,0.0
2024-04-07,Q2 2024,WH-02,PRD-01,0,0,0,0,False,0.0
2024-04-08,Q2 2024,WH-02,PRD-01,0,0,0,0,False,0.0
2024-04-09,Q2 2024,WH-02,PRD-01,0,0,0,0,False,0.0
2024-04-10,Q2 2024,WH-02,PRD-01,0,0,0,0,False,0.0
2024-04-11,Q2 2024,WH-02,PRD-01,0,0,0,0,False,0.0
2024-04-12,Q2 2024,WH-02,PRD-01,0,0,0,0,False,0.0
2024-04-13,Q2 2024,WH-02,PRD-01,0,0,0,0,False,0.0
2024-04-14,Q2 2024,WH-02,PRD-01,0,0,0,0,False,0.0
2024-04-15,Q2 2024,WH-02,PRD-01,0,0,0,0,False,0.0
2024-04-16,Q2 2024,WH-02,PRD-01,0,0,0,0,False,0.0
2024-04-17,Q2 2024,WH-02,PRD-01,0,0,0,0,False,0.0
2024-04-18,Q2 2024,WH-02,PRD-01,0,0,0,0,False,0.0
2024-04-19,Q2 2024,WH-02,PRD-01,0,0,0,0,False,0.0
2024-04-20,Q2 2024,WH-02,PRD-01,0,0,0,0,False,0.0
2024-04-21,Q2 2024,WH-02,PRD-01,0,0,0,0,False,0.0
2024-04-22,Q2 2024,WH-02,PRD-01,0,0,0,0,False,0.0
2024-04-23,Q2 2024,WH-02,PRD-01,0,0,0,0,False,0.0
2024-04-24,Q2 2024,WH-02,PRD-01,0,0,0,0,False,0.0
2024-04-25,Q2 2024,WH-02,PRD-01,0,0,0,0,False,0.0
2024-04-26,Q2 2024,WH-02,PRD-01,0,0,0,0,False,0.0
2024-04-27,Q2 2024,WH-02,PRD-01,0,0,0,0,False,0.0
2024-04-28,Q2 2024,WH-02,PRD-01,0,0,0,0,False,0.0
2024-04-29,Q2 2024,WH-02,PRD-01,0,0,0,0,False,0.0
2024-04-30,Q2 2024,WH-02,PRD-01,0,0,0,0,False,0.0
2024-05-01,Q2 2024,WH-02,PRD-01,0,0,0,0,False,0.0
2024-05-02,Q2 2024,WH-02,PRD-01,0,0,0,0,False,0.0
2024-05-03,Q2 2024,WH-02,PRD-01,0,0,0,0,False,0.0
2024-05-04,Q2 2024,WH-02,PRD-01,0,0,0,0,False,0.0
2024-05-05,Q2 2024,WH-02,PRD-01,0,0,0,0,False,0.0
2024-05-06,Q2 2024,WH-02,PRD-01,0,0,0,0,False,0.0
2024-05-07,Q2 2024,WH-02,PRD-01,0,0,0,0,False,0.0
2024-05-08,Q2 2024,WH-02,PRD-01,0,0,0,0,False,0.0
2024-05-09,Q2 2024,WH-02,PRD-01,0,0,0,0,False,0.0
2024-05-10,Q2 2024,WH-02,PRD-01,0,0,0,0,False,0.0
2024-05-11,Q2 2024,WH-02,PRD-01,0,0,0,0,False,0.0
2024-05-12,Q2 2024,WH-02,PRD-01,0,0,0,0,False,0.0
2024-05-13,Q2 2024,WH-02,PRD-01,0,0,0,0,False,0.0
2024-05-14,Q2 2024,WH-02,PRD-01,0,0,0,0,False,0.0
2024-05-15,Q2 2024,WH-02,PRD-01,0,0,0,0,False,0.0
2024-05-16,Q2 2024,WH-02,PRD-01,0,0,0,0,False,0.0
2024-05-17,Q2 2024,WH-02,PRD-01,0,0,0,0,False,0.0
2024-05-18,Q2 2024,WH-02,PRD-01,0,0,0,0,False,0.0
2024-05-19,Q2 2024,WH-02,PRD-01,0,0,0,0,False,0.0
2024-05-20,Q2 2024,WH-02,PRD-01,0,0,0,0,False,0.0
2024-05-21,Q2 2024,WH-02,PRD-01,0,0,0,0,False,0.0
2024-05-22,Q2 2024,WH-02,PRD-01,0,0,0,0,False,0.0
2024-05-23,Q2 2024,WH-02,PRD-01,0,0,0,0,False,0.0
2024-05-24,Q2 2024,WH-02,PRD-01,0,0,0,0,False,0.0
2024-05-25,Q2 2024,WH-02,PRD-01,0,0,0,0,False,0.0
2024-05-26,Q2 2024,WH-02,PRD-01,0,0,0,0,False,0.0
2024-05-27,Q2 2024,WH-02,PRD-01,0,0,0,0,False,0.0
2024-05-28,Q2 2024,WH-02,PRD-01,0,0,0,0,False,0.0
2024-05-29,Q2 2024,WH-02,PRD-01,0,0,0,0,False,0.0
2024-05-30,Q2 2024,WH-02,PRD-01,0,0,0,0,False,0.0
2024-05-31,Q2 2024,WH-02,PRD-01,0,0,0,0,False,0.0
2024-06-01,Q2 2024,WH-02,PRD-01,0,0,0,0,False,0.0
2024-06-02,Q2 2024,WH-02,PRD-01,0,0,0,0,False,0.0
2024-06-03,Q2 2024,WH-02,PRD-01,0,0,0,0,False,0.0
2024-06-04,Q2 2024,WH-02,PRD-01,0,0,0,0,False,0.0
2024-06-05,Q2 2024,WH-02,PRD-01,0,0,0,0,False,0.0
2024-06-06,Q2 2024,WH-02,PRD-01,0,0,0,0,False,0.0
2024-06-07,Q2 2024,WH-02,PRD-01,0,0,0,0,False,0.0
2024-06-08,Q2 2024,WH-02,PRD-01,0,0,0,0,False,0.0
2024-06-09,Q2 2024,WH-02,PRD-01,0,0,0,0,False,0.0
2024-06-10,Q2 2024,WH-02,PRD-01,0,0,0,0,False,0.0
2024-06-11,Q2 2024,WH-02,PRD-01,0,0,0,0,False,0.0
2024-06-12,Q2 2024,WH-02,PRD-01,0,0,0,0,False,0.0
2024-06-13,Q2 2024,WH-02,PRD-01,0,0,0,0,False,0.0
2024-06-14,Q2 2024,WH-02,PRD-01,0,0,0,0,False,0.0
2024-06-15,Q2 2024,WH-02,PRD-01,0,0,0,0,False,0.0
2024-06-16,Q2 2024,WH-02,PRD-01,0,0,0,0,False,0.0
2024-06-17,Q2 2024,WH-02,PRD-01,0,0,0,0,False,0.0
2024-06-18,Q2 2024,WH-02,PRD-01,0,0,0,0,False,0.0
2024-06-19,Q2 2024,WH-02,PRD-01,0,0,0,0,False,0.0
2024-06-20,Q2 2024,WH-02,PRD-01,0,0,0,0,False,0.0
2024-06-21,Q2 2024,WH-02,PRD-01,0,0,0,0,False,0.0
2024-06-22,Q2 2024,WH-02,PRD-01,0,0,0,0,False,0.0
2024-06-23,Q2 2024,WH-02,PRD-01,0,0,0,0,False,0.0
2024-06-24,Q2 2024,WH-02,PRD-01,0,0,0,0,False,0.0
2024-06-25,Q2 2024,WH-02,PRD-01,0,0,0,0,False,0.0
2024-06-26,Q2 2024,WH-02,PRD-01,0,0,0,0,False,0.0
2024-06-27,Q2 2024,WH-02,PRD-01,0,0,0,0,False,0.0
2024-06-28,Q2 2024,WH-02,PRD-01,0,0,0,0,False,0.0
2024-06-29,Q2 2024,WH-02,PRD-01,0,0,0,0,False,0.0
2024-06-30,Q2 2024,WH-02,PRD-01,0,0,0,0,False,0.0
2024-04-01,Q2 2024,WH-03,PRD-03,969,743,931,5382,True,30.28
2024-04-02,Q2 2024,WH-03,PRD-03,827,846,597,5631,True,31.68
2024-04-03,Q2 2024,WH-03,PRD-03,711,852,1005,5478,True,30.82
2024-04-04,Q2 2024,WH-03,PRD-03,931,1119,1193,5404,True,30.4
2024-04-05,Q2 2024,WH-03,PRD-03,881,783,629,5558,True,31.27
2024-04-06,Q2 2024,WH-03,PRD-03,963,858,612,5804,True,32.65
2024-04-07,Q2 2024,WH-03,PRD-03,921,924,1014,5714,True,32.14
2024-04-08,Q2 2024,WH-03,PRD-03,988,840,1041,5513,True,31.01
2024-04-09,Q2 2024,WH-03,PRD-03,729,713,595,5631,True,31.68
2024-04-10,Q2 2024,WH-03,PRD-03,1032,841,617,5855,True,32.94
2024-04-11,Q2 2024,WH-03,PRD-03,849,1018,646,6227,True,35.03
2024-04-12,Q2 2024,WH-03,PRD-03,1156,596,421,6402,True,36.01
2024-04-13,Q2 2024,WH-03,PRD-03,704,829,512,6719,True,37.8
2024-04-14,Q2 2024,WH-03,PRD-03,1100,662,493,6888,True,38.75
2024-04-15,Q2 2024,WH-03,PRD-03,849,1042,543,7387,False,41.55
2024-04-16,Q2 2024,WH-03,PRD-03,710,497,699,7185,False,40.42
2024-04-17,Q2 2024,WH-03,PRD-03,738,690,756,7119,False,40.05
2024-04-18,Q2 2024,WH-03,PRD-03,764,878,1035,6962,False,39.16
2024-04-19,Q2 2024,WH-03,PRD-03,886,1116,495,7583,False,42.66
2024-04-20,Q2 2024,WH-03,PRD-03,902,789,915,7457,False,41.95
2024-04-21,Q2 2024,WH-03,PRD-03,723,691,661,7487,False,42.12
2024-04-22,Q2 2024,WH-03,PRD-03,813,1180,696,7971,False,44.84
2024-04-23,Q2 2024,WH-03,PRD-03,1167,512,849,7634,False,42.94
2024-04-24,Q2 2024,WH-03,PRD-03,1099,361,468,7527,False,42.34
2024-04-25,Q2 2024,WH-03,PRD-03,888,891,787,7631,False,42.93
2024-04-26,Q2 2024,WH-03,PRD-03,823,702,741,7592,False,42.71
2024-04-27,Q2 2024,WH-03,PRD-03,836,598,810,7380,False,41.51
2024-04-28,Q2 2024,WH-03,PRD-03,917,944,767,7557,False,42.51
2024-04-29,Q2 2024,WH-03,PRD-03,650,851,1226,7182,False,40.4
2024-04-30,Q2 2024,WH-03,PRD-03,775,689,571,7300,False,41.06
2024-05-01,Q2 2024,WH-03,PRD-03,544,546,594,7252,False,40.79
2024-05-02,Q2 2024,WH-03,PRD-03,882,977,574,7655,False,43.06
2024-05-03,Q2 2024,WH-03,PRD-03,923,933,588,8000,False,45.0
2024-05-04,Q2 2024,WH-03,PRD-03,738,782,571,8211,False,46.19
2024-05-05,Q2 2024,WH-03,PRD-03,1074,1173,958,8426,False,47.4
2024-05-06,Q2 2024,WH-03,PRD-03,617,588,1007,8007,False,45.04
2024-05-07,Q2 2024,WH-03,PRD-03,578,496,585,7918,False,44.54
2024-05-08,Q2 2024,WH-03,PRD-03,853,664,530,8052,False,45.29
2024-05-09,Q2 2024,WH-03,PRD-03,988,793,806,8039,False,45.22
2024-05-10,Q2 2024,WH-03,PRD-03,1092,851,589,8301,False,46.7
2024-05-11,Q2 2024,WH-03,PRD-03,742,754,840,8215,False,46.21
2024-05-12,Q2 2024,WH-03,PRD-03,993,873,749,8339,False,46.91
2024-05-13,Q2 2024,WH-03,PRD-03,811,551,385,8505,False,47.84
2024-05-14,Q2 2024,WH-03,PRD-03,789,1092,1034,8563,False,48.17
2024-05-15,Q2 2024,WH-03,PRD-03,961,786,1087,8262,False,46.48
2024-05-16,Q2 2024,WH-03,PRD-03,923,1026,576,8712,False,49.01
2024-05-17,Q2 2024,WH-03,PRD-03,559,871,624,8959,False,50.4
2024-05-18,Q2 2024,WH-03,PRD-03,1058,894,767,9086,False,51.11
2024-05-19,Q2 2024,WH-03,PRD-03,1042,917,777,9226,False,51.9
2024-05-20,Q2 2024,WH-03,PRD-03,715,892,846,9272,False,52.16
2024-05-21,Q2 2024,WH-03,PRD-03,881,931,1132,9071,False,51.03
2024-05-22,Q2 2024,WH-03,PRD-03,898,1069,669,9471,False,53.28
2024-05-23,Q2 2024,WH-03,PRD-03,859,842,537,9776,False,54.99
2024-05-24,Q2 2024,WH-03,PRD-03,727,945,414,10307,False,57.98
2024-05-25,Q2 2024,WH-03,PRD-03,707,784,551,10540,False,59.29
2024-05-26,Q2 2024,WH-03,PRD-03,813,1091,699,10932,False,61.5
2024-05-27,Q2 2024,WH-03,PRD-03,1008,667,1086,10513,False,59.14
2024-05-28,Q2 2024,WH-03,PRD-03,906,1164,596,11081,False,62.33
2024-05-29,Q2 2024,WH-03,PRD-03,756,794,754,11121,False,62.56
2024-05-30,Q2 2024,WH-03,PRD-03,943,515,703,10933,False,61.5
2024-05-31,Q2 2024,WH-03,PRD-03,351,828,958,10803,False,60.77
2024-06-01,Q2 2024,WH-03,PRD-03,1004,666,1241,10228,False,57.54
2024-06-02,Q2 2024,WH-03,PRD-03,533,971,594,10605,False,59.66
2024-06-03,Q2 2024,WH-03,PRD-03,758,671,602,10674,False,60.04
2024-06-04,Q2 2024,WH-03,PRD-03,634,713,927,10460,False,58.84
2024-06-05,Q2 2024,WH-03,PRD-03,605,423,851,10032,False,56.43
2024-06-06,Q2 2024,WH-03,PRD-03,1006,712,1097,9647,False,54.27
2024-06-07,Q2 2024,WH-03,PRD-03,740,316,830,9133,False,51.38
2024-06-08,Q2 2024,WH-03,PRD-03,873,485,630,8988,False,50.56
2024-06-09,Q2 2024,WH-03,PRD-03,809,955,831,9112,False,51.26
2024-06-10,Q2 2024,WH-03,PRD-03,895,960,941,9131,False,51.36
2024-06-11,Q2 2024,WH-03,PRD-03,829,888,880,9139,False,51.41
2024-06-12,Q2 2024,WH-03,PRD-03,607,608,814,8933,False,50.25
2024-06-13,Q2 2024,WH-03,PRD-03,980,793,932,8794,False,49.47
2024-06-14,Q2 2024,WH-03,PRD-03,736,802,954,8642,False,48.61
2024-06-15,Q2 2024,WH-03,PRD-03,563,570,999,8213,False,46.2
2024-06-16,Q2 2024,WH-03,PRD-03,747,1104,844,8473,False,47.66
2024-06-17,Q2 2024,WH-03,PRD-03,1062,978,671,8780,False,49.39
2024-06-18,Q2 2024,WH-03,PRD-03,956,758,737,8801,False,49.51
2024-06-19,Q2 2024,WH-03,PRD-03,760,808,962,8647,False,48.64
2024-06-20,Q2 2024,WH-03,PRD-03,760,844,533,8958,False,50.39
2024-06-21,Q2 2024,WH-03,PRD-03,764,393,784,8567,False,48.19
2024-06-22,Q2 2024,WH-03,PRD-03,1156,753,623,8697,False,48.92
2024-06-23,Q2 2024,WH-03,PRD-03,879,666,712,8651,False,48.66
2024-06-24,Q2 2024,WH-03,PRD-03,887,601,977,8275,False,46.55
2024-06-25,Q2 2024,WH-03,PRD-03,985,746,747,8274,False,46.54
2024-06-26,Q2 2024,WH-03,PRD-03,856,1163,716,8721,False,49.06
2024-06-27,Q2 2024,WH-03,PRD-03,774,931,418,9234,False,51.94
2024-06-28,Q2 2024,WH-03,PRD-03,785,688,864,9058,False,50.95
2024-06-29,Q2 2024,WH-03,PRD-03,805,917,843,9132,False,51.37
2024-06-30,Q2 2024,WH-03,PRD-03,811,1083,1164,9051,False,50.91
2024-07-01,Q3 2024,WH-01,PRD-01,27,6,22,111,True,27.07
2024-07-02,Q3 2024,WH-01,PRD-01,21,22,17,116,True,28.29
2024-07-03,Q3 2024,WH-01,PRD-01,20,14,20,110,True,26.83
2024-07-04,Q3 2024,WH-01,PRD-01,18,17,16,111,True,27.07
2024-07-05,Q3 2024,WH-01,PRD-01,20,21,17,115,True,28.05
2024-07-06,Q3 2024,WH-01,PRD-01,19,14,7,122,True,29.76
2024-07-07,Q3 2024,WH-01,PRD-01,22,19,21,120,True,29.27
2024-07-08,Q3 2024,WH-01,PRD-01,23,12,18,114,True,27.8
2024-07-09,Q3 2024,WH-01,PRD-01,16,15,22,107,True,26.1
2024-07-10,Q3 2024,WH-01,PRD-01,14,20,2,125,True,30.49
2024-07-11,Q3 2024,WH-01,PRD-01,12,11,27,109,True,26.59
2024-07-12,Q3 2024,WH-01,PRD-01,21,20,16,113,True,27.56
2024-07-13,Q3 2024,WH-01,PRD-01,15,18,22,109,True,26.59
2024-07-14,Q3 2024,WH-01,PRD-01,11,21,11,119,True,29.02
2024-07-15,Q3 2024,WH-01,PRD-01,21,19,20,118,True,28.78
2024-07-16,Q3 2024,WH-01,PRD-01,29,24,11,131,True,31.95
2024-07-17,Q3 2024,WH-01,PRD-01,19,19,13,137,True,33.41
2024-07-18,Q3 2024,WH-01,PRD-01,23,16,26,127,True,30.98
2024-07-19,Q3 2024,WH-01,PRD-01,20,19,16,130,True,31.71
2024-07-20,Q3 2024,WH-01,PRD-01,19,21,18,133,True,32.44
2024-07-21,Q3 2024,WH-01,PRD-01,23,18,21,130,True,31.71
2024-07-22,Q3 2024,WH-01,PRD-01,18,18,19,129,True,31.46
2024-07-23,Q3 2024,WH-01,PRD-01,20,15,17,127,True,30.98
2024-07-24,Q3 2024,WH-01,PRD-01,21,15,18,124,True,30.24
2024-07-25,Q3 2024,WH-01,PRD-01,17,12,29,107,True,26.1
2024-07-26,Q3 2024,WH-01,PRD-01,23,26,16,117,True,28.54
2024-07-27,Q3 2024,WH-01,PRD-01,19,13,18,112,True,27.32
2024-07-28,Q3 2024,WH-01,PRD-01,16,15,22,105,True,25.61
2024-07-29,Q3 2024,WH-01,PRD-01,21,15,22,98,True,23.9
2024-07-30,Q3 2024,WH-01,PRD-01,16,22,22,98,True,23.9
2024-07-31,Q3 2024,WH-01,PRD-01,19,17,20,95,True,23.17
2024-08-01,Q3 2024,WH-01,PRD-01,19,24,11,108,True,26.34
2024-08-02,Q3 2024,WH-01,PRD-01,23,15,25,98,True,23.9
2024-08-03,Q3 2024,WH-01,PRD-01,21,19,11,106,True,25.85
2024-08-04,Q3 2024,WH-01,PRD-01,19,14,18,102,True,24.88
2024-08-05,Q3 2024,WH-01,PRD-01,22,28,13,117,True,28.54
2024-08-06,Q3 2024,WH-01,PRD-01,25,13,16,114,True,27.8
2024-08-07,Q3 2024,WH-01,PRD-01,21,20,18,116,True,28.29
2024-08-08,Q3 2024,WH-01,PRD-01,19,21,18,119,True,29.02
2024-08-09,Q3 2024,WH-01,PRD-01,14,20,19,120,True,29.27
2024-08-10,Q3 2024,WH-01,PRD-01,15,17,25,112,True,27.32
2024-08-11,Q3 2024,WH-01,PRD-01,18,18,19,111,True,27.07
2024-08-12,Q3 2024,WH-01,PRD-01,17,18,15,114,True,27.8
2024-08-13,Q3 2024,WH-01,PRD-01,19,18,21,111,True,27.07
2024-08-14,Q3 2024,WH-01,PRD-01,20,23,22,112,True,27.32
2024-08-15,Q3 2024,WH-01,PRD-01,21,28,10,130,True,31.71
2024-08-16,Q3 2024,WH-01,PRD-01,19,16,20,126,True,30.73
2024-08-17,Q3 2024,WH-01,PRD-01,21,12,20,118,True,28.78
2024-08-18,Q3 2024,WH-01,PRD-01,20,18,15,121,True,29.51
2024-08-19,Q3 2024,WH-01,PRD-01,12,30,23,128,True,31.22
2024-08-20,Q3 2024,WH-01,PRD-01,16,15,16,127,True,30.98
2024-08-21,Q3 2024,WH-01,PRD-01,19,26,17,136,True,33.17
2024-08-22,Q3 2024,WH-01,PRD-01,15,26,16,146,True,35.61
2024-08-23,Q3 2024,WH-01,PRD-01,22,16,17,145,True,35.37
2024-08-24,Q3 2024,WH-01,PRD-01,25,21,11,155,True,37.8
2024-08-25,Q3 2024,WH-01,PRD-01,24,26,9,172,False,41.95
2024-08-26,Q3 2024,WH-01,PRD-01,18,16,24,164,False,40.0
2024-08-27,Q3 2024,WH-01,PRD-01,25,17,12,169,False,41.22
2024-08-28,Q3 2024,WH-01,PRD-01,20,16,12,173,False,42.2
2024-08-29,Q3 2024,WH-01,PRD-01,18,14,6,181,False,44.15
2024-08-30,Q3 2024,WH-01,PRD-01,17,15,13,183,False,44.63
2024-08-31,Q3 2024,WH-01,PRD-01,18,13,10,186,False,45.37
2024-09-01,Q3 2024,WH-01,PRD-01,18,18,25,179,False,43.66
2024-09-02,Q3 2024,WH-01,PRD-01,20,15,22,172,False,41.95
2024-09-03,Q3 2024,WH-01,PRD-01,20,19,13,178,False,43.41
2024-09-04,Q3 2024,WH-01,PRD-01,19,11,28,161,False,39.27
2024-09-05,Q3 2024,WH-01,PRD-01,21,20,21,160,False,39.02
2024-09-06,Q3 2024,WH-01,PRD-01,24,22,15,167,False,40.73
2024-09-07,Q3 2024,WH-01,PRD-01,23,9,4,172,False,41.95
2024-09-08,Q3 2024,WH-01,PRD-01,14,20,28,164,False,40.0
2024-09-09,Q3 2024,WH-01,PRD-01,9,24,10,178,False,43.41
2024-09-10,Q3 2024,WH-01,PRD-01,23,13,8,183,False,44.63
2024-09-11,Q3 2024,WH-01,PRD-01,14,26,22,187,False,45.61
2024-09-12,Q3 2024,WH-01,PRD-01,18,20,29,178,False,43.41
2024-09-13,Q3 2024,WH-01,PRD-01,15,15,23,170,False,41.46
2024-09-14,Q3 2024,WH-01,PRD-01,12,18,19,169,False,41.22
2024-09-15,Q3 2024,WH-01,PRD-01,21,21,20,170,False,41.46
2024-09-16,Q3 2024,WH-01,PRD-01,22,19,21,168,False,40.98
2024-09-17,Q3 2024,WH-01,PRD-01,17,21,20,169,False,41.22
2024-09-18,Q3 2024,WH-01,PRD-01,9,14,18,165,False,40.24
2024-09-19,Q3 2024,WH-01,PRD-01,17,19,17,167,False,40.73
2024-09-20,Q3 2024,WH-01,PRD-01,21,12,16,163,False,39.76
2024-09-21,Q3 2024,WH-01,PRD-01,14,18,13,168,False,40.98
2024-09-22,Q3 2024,WH-01,PRD-01,20,14,15,167,False,40.73
2024-09-23,Q3 2024,WH-01,PRD-01,19,15,8,174,False,42.44
2024-09-24,Q3 2024,WH-01,PRD-01,22,24,16,182,False,44.39
2024-09-25,Q3 2024,WH-01,PRD-01,20,23,12,193,False,47.07
2024-09-26,Q3 2024,WH-01,PRD-01,16,21,11,203,False,49.51
2024-09-27,Q3 2024,WH-01,PRD-01,24,13,17,199,False,48.54
2024-09-28,Q3 2024,WH-01,PRD-01,19,17,23,193,False,47.07
2024-09-29,Q3 2024,WH-01,PRD-01,19,24,21,196,False,47.8
2024-09-30,Q3 2024,WH-01,PRD-01,16,19,9,206,False,50.24
2024-07-01,Q3 2024,WH-02,PRD-01,0,0,0,0,False,0.0
2024-07-02,Q3 2024,WH-02,PRD-01,0,0,0,0,False,0.0
2024-07-03,Q3 2024,WH-02,PRD-01,0,0,0,0,False,0.0
2024-07-04,Q3 2024,WH-02,PRD-01,0,0,0,0,False,0.0
2024-07-05,Q3 2024,WH-02,PRD-01,0,0,0,0,False,0.0
2024-07-06,Q3 2024,WH-02,PRD-01,0,0,0,0,False,0.0
2024-07-07,Q3 2024,WH-02,PRD-01,0,0,0,0,False,0.0
2024-07-08,Q3 2024,WH-02,PRD-01,0,0,0,0,False,0.0
2024-07-09,Q3 2024,WH-02,PRD-01,0,0,0,0,False,0.0
2024-07-10,Q3 2024,WH-02,PRD-01,0,0,0,0,False,0.0
2024-07-11,Q3 2024,WH-02,PRD-01,0,0,0,0,False,0.0
2024-07-12,Q3 2024,WH-02,PRD-01,0,0,0,0,False,0.0
2024-07-13,Q3 2024,WH-02,PRD-01,0,0,0,0,False,0.0
2024-07-14,Q3 2024,WH-02,PRD-01,0,0,0,0,False,0.0
2024-07-15,Q3 2024,WH-02,PRD-01,0,0,0,0,False,0.0
2024-07-16,Q3 2024,WH-02,PRD-01,0,0,0,0,False,0.0
2024-07-17,Q3 2024,WH-02,PRD-01,0,0,0,0,False,0.0
2024-07-18,Q3 2024,WH-02,PRD-01,0,0,0,0,False,0.0
2024-07-19,Q3 2024,WH-02,PRD-01,0,0,0,0,False,0.0
2024-07-20,Q3 2024,WH-02,PRD-01,0,0,0,0,False,0.0
2024-07-21,Q3 2024,WH-02,PRD-01,0,0,0,0,False,0.0
2024-07-22,Q3 2024,WH-02,PRD-01,0,0,0,0,False,0.0
2024-07-23,Q3 2024,WH-02,PRD-01,0,0,0,0,False,0.0
2024-07-24,Q3 2024,WH-02,PRD-01,0,0,0,0,False,0.0
2024-07-25,Q3 2024,WH-02,PRD-01,0,0,0,0,False,0.0
2024-07-26,Q3 2024,WH-02,PRD-01,0,0,0,0,False,0.0
2024-07-27,Q3 2024,WH-02,PRD-01,0,0,0,0,False,0.0
2024-07-28,Q3 2024,WH-02,PRD-01,0,0,0,0,False,0.0
2024-07-29,Q3 2024,WH-02,PRD-01,0,0,0,0,False,0.0
2024-07-30,Q3 2024,WH-02,PRD-01,0,0,0,0,False,0.0
2024-07-31,Q3 2024,WH-02,PRD-01,0,0,0,0,False,0.0
2024-08-01,Q3 2024,WH-02,PRD-01,0,0,0,0,False,0.0
2024-08-02,Q3 2024,WH-02,PRD-01,0,0,0,0,False,0.0
2024-08-03,Q3 2024,WH-02,PRD-01,0,0,0,0,False,0.0
2024-08-04,Q3 2024,WH-02,PRD-01,0,0,0,0,False,0.0
2024-08-05,Q3 2024,WH-02,PRD-01,0,0,0,0,False,0.0
2024-08-06,Q3 2024,WH-02,PRD-01,0,0,0,0,False,0.0
2024-08-07,Q3 2024,WH-02,PRD-01,0,0,0,0,False,0.0
2024-08-08,Q3 2024,WH-02,PRD-01,0,0,0,0,False,0.0
2024-08-09,Q3 2024,WH-02,PRD-01,0,0,0,0,False,0.0
2024-08-10,Q3 2024,WH-02,PRD-01,0,0,0,0,False,0.0
2024-08-11,Q3 2024,WH-02,PRD-01,0,0,0,0,False,0.0
2024-08-12,Q3 2024,WH-02,PRD-01,0,0,0,0,False,0.0
2024-08-13,Q3 2024,WH-02,PRD-01,0,0,0,0,False,0.0
2024-08-14,Q3 2024,WH-02,PRD-01,0,0,0,0,False,0.0
2024-08-15,Q3 2024,WH-02,PRD-01,0,0,0,0,False,0.0
2024-08-16,Q3 2024,WH-02,PRD-01,0,0,0,0,False,0.0
2024-08-17,Q3 2024,WH-02,PRD-01,0,0,0,0,False,0.0
2024-08-18,Q3 2024,WH-02,PRD-01,0,0,0,0,False,0.0
2024-08-19,Q3 2024,WH-02,PRD-01,0,0,0,0,False,0.0
2024-08-20,Q3 2024,WH-02,PRD-01,0,0,0,0,False,0.0
2024-08-21,Q3 2024,WH-02,PRD-01,0,0,0,0,False,0.0
2024-08-22,Q3 2024,WH-02,PRD-01,0,0,0,0,False,0.0
2024-08-23,Q3 2024,WH-02,PRD-01,0,0,0,0,False,0.0
2024-08-24,Q3 2024,WH-02,PRD-01,0,0,0,0,False,0.0
2024-08-25,Q3 2024,WH-02,PRD-01,0,0,0,0,False,0.0
2024-08-26,Q3 2024,WH-02,PRD-01,0,0,0,0,False,0.0
2024-08-27,Q3 2024,WH-02,PRD-01,0,0,0,0,False,0.0
2024-08-28,Q3 2024,WH-02,PRD-01,0,0,0,0,False,0.0
2024-08-29,Q3 2024,WH-02,PRD-01,0,0,0,0,False,0.0
2024-08-30,Q3 2024,WH-02,PRD-01,0,0,0,0,False,0.0
2024-08-31,Q3 2024,WH-02,PRD-01,0,0,0,0,False,0.0
2024-09-01,Q3 2024,WH-02,PRD-01,0,0,0,0,False,0.0
2024-09-02,Q3 2024,WH-02,PRD-01,0,0,0,0,False,0.0
2024-09-03,Q3 2024,WH-02,PRD-01,0,0,0,0,False,0.0
2024-09-04,Q3 2024,WH-02,PRD-01,0,0,0,0,False,0.0
2024-09-05,Q3 2024,WH-02,PRD-01,0,0,0,0,False,0.0
2024-09-06,Q3 2024,WH-02,PRD-01,0,0,0,0,False,0.0
2024-09-07,Q3 2024,WH-02,PRD-01,0,0,0,0,False,0.0
2024-09-08,Q3 2024,WH-02,PRD-01,0,0,0,0,False,0.0
2024-09-09,Q3 2024,WH-02,PRD-01,0,0,0,0,False,0.0
2024-09-10,Q3 2024,WH-02,PRD-01,0,0,0,0,False,0.0
2024-09-11,Q3 2024,WH-02,PRD-01,0,0,0,0,False,0.0
2024-09-12,Q3 2024,WH-02,PRD-01,0,0,0,0,False,0.0
2024-09-13,Q3 2024,WH-02,PRD-01,0,0,0,0,False,0.0
2024-09-14,Q3 2024,WH-02,PRD-01,0,0,0,0,False,0.0
2024-09-15,Q3 2024,WH-02,PRD-01,0,0,0,0,False,0.0
2024-09-16,Q3 2024,WH-02,PRD-01,0,0,0,0,False,0.0
2024-09-17,Q3 2024,WH-02,PRD-01,0,0,0,0,False,0.0
2024-09-18,Q3 2024,WH-02,PRD-01,0,0,0,0,False,0.0
2024-09-19,Q3 2024,WH-02,PRD-01,0,0,0,0,False,0.0
2024-09-20,Q3 2024,WH-02,PRD-01,0,0,0,0,False,0.0
2024-09-21,Q3 2024,WH-02,PRD-01,0,0,0,0,False,0.0
2024-09-22,Q3 2024,WH-02,PRD-01,0,0,0,0,False,0.0
2024-09-23,Q3 2024,WH-02,PRD-01,0,0,0,0,False,0.0
2024-09-24,Q3 2024,WH-02,PRD-01,0,0,0,0,False,0.0
2024-09-25,Q3 2024,WH-02,PRD-01,0,0,0,0,False,0.0
2024-09-26,Q3 2024,WH-02,PRD-01,0,0,0,0,False,0.0
2024-09-27,Q3 2024,WH-02,PRD-01,0,0,0,0,False,0.0
2024-09-28,Q3 2024,WH-02,PRD-01,0,0,0,0,False,0.0
2024-09-29,Q3 2024,WH-02,PRD-01,0,0,0,0,False,0.0
2024-09-30,Q3 2024,WH-02,PRD-01,0,0,0,0,False,0.0
2024-07-01,Q3 2024,WH-03,PRD-03,509,556,449,4195,True,23.6
2024-07-02,Q3 2024,WH-03,PRD-03,513,396,379,4212,True,23.69
2024-07-03,Q3 2024,WH-03,PRD-03,587,541,489,4264,True,23.99
2024-07-04,Q3 2024,WH-03,PRD-03,660,450,780,3934,True,22.13
2024-07-05,Q3 2024,WH-03,PRD-03,727,488,303,4119,True,23.17
2024-07-06,Q3 2024,WH-03,PRD-03,516,655,266,4508,True,25.36
2024-07-07,Q3 2024,WH-03,PRD-03,798,809,743,4574,True,25.73
2024-07-08,Q3 2024,WH-03,PRD-03,581,627,483,4718,True,26.54
2024-07-09,Q3 2024,WH-03,PRD-03,612,400,412,4706,True,26.47
2024-07-10,Q3 2024,WH-03,PRD-03,523,635,676,4665,True,26.24
2024-07-11,Q3 2024,WH-03,PRD-03,317,742,422,4985,True,28.04
2024-07-12,Q3 2024,WH-03,PRD-03,723,484,798,4671,True,26.28
2024-07-13,Q3 2024,WH-03,PRD-03,705,552,620,4603,True,25.89
2024-07-14,Q3 2024,WH-03,PRD-03,580,573,440,4736,True,26.64
2024-07-15,Q3 2024,WH-03,PRD-03,623,459,849,4346,True,24.45
2024-07-16,Q3 2024,WH-03,PRD-03,678,664,422,4588,True,25.81
2024-07-17,Q3 2024,WH-03,PRD-03,423,554,630,4512,True,25.38
2024-07-18,Q3 2024,WH-03,PRD-03,550,631,562,4581,True,25.77
2024-07-19,Q3 2024,WH-03,PRD-03,712,444,717,4308,True,24.23
2024-07-20,Q3 2024,WH-03,PRD-03,460,509,757,4060,True,22.84
2024-07-21,Q3 2024,WH-03,PRD-03,651,674,521,4213,True,23.7
2024-07-22,Q3 2024,WH-03,PRD-03,448,518,399,4332,True,24.37
2024-07-23,Q3 2024,WH-03,PRD-03,672,818,587,4563,True,25.67
2024-07-24,Q3 2024,WH-03,PRD-03,610,514,411,4666,True,26.25
2024-07-25,Q3 2024,WH-03,PRD-03,416,603,827,4442,True,24.99
2024-07-26,Q3 2024,WH-03,PRD-03,758,704,537,4609,True,25.93
2024-07-27,Q3 2024,WH-03,PRD-03,524,369,459,4519,True,25.42
2024-07-28,Q3 2024,WH-03,PRD-03,515,320,544,4295,True,24.16
2024-07-29,Q3 2024,WH-03,PRD-03,639,353,307,4341,True,24.42
2024-07-30,Q3 2024,WH-03,PRD-03,756,751,365,4727,True,26.59
2024-07-31,Q3 2024,WH-03,PRD-03,490,492,701,4518,True,25.41
2024-08-01,Q3 2024,WH-03,PRD-03,622,936,414,5040,True,28.35
2024-08-02,Q3 2024,WH-03,PRD-03,667,491,354,5177,False,29.12
2024-08-03,Q3 2024,WH-03,PRD-03,700,597,599,5175,False,29.11
2024-08-04,Q3 2024,WH-03,PRD-03,636,791,699,5267,False,29.63
2024-08-05,Q3 2024,WH-03,PRD-03,569,857,627,5497,False,30.92
2024-08-06,Q3 2024,WH-03,PRD-03,513,865,670,5692,False,32.02
2024-08-07,Q3 2024,WH-03,PRD-03,625,744,399,6037,False,33.96
2024-08-08,Q3 2024,WH-03,PRD-03,483,717,296,6458,False,36.33
2024-08-09,Q3 2024,WH-03,PRD-03,255,656,748,6366,False,35.81
2024-08-10,Q3 2024,WH-03,PRD-03,668,682,466,6582,False,37.03
2024-08-11,Q3 2024,WH-03,PRD-03,726,492,477,6597,False,37.11
2024-08-12,Q3 2024,WH-03,PRD-03,324,454,721,6330,False,35.61
2024-08-13,Q3 2024,WH-03,PRD-03,490,571,602,6299,False,35.43
2024-08-14,Q3 2024,WH-03,PRD-03,691,547,586,6260,False,35.21
2024-08-15,Q3 2024,WH-03,PRD-03,867,506,850,5916,False,33.28
2024-08-16,Q3 2024,WH-03,PRD-03,617,670,416,6170,False,34.71
2024-08-17,Q3 2024,WH-03,PRD-03,525,707,659,6218,False,34.98
2024-08-18,Q3 2024,WH-03,PRD-03,592,584,524,6278,False,35.32
2024-08-19,Q3 2024,WH-03,PRD-03,784,782,557,6503,False,36.58
2024-08-20,Q3 2024,WH-03,PRD-03,535,408,752,6159,False,34.65
2024-08-21,Q3 2024,WH-03,PRD-03,516,543,594,6108,False,34.36
2024-08-22,Q3 2024,WH-03,PRD-03,555,469,599,5978,False,33.63
2024-08-23,Q3 2024,WH-03,PRD-03,497,305,681,5602,False,31.51
2024-08-24,Q3 2024,WH-03,PRD-03,630,559,459,5702,False,32.08
2024-08-25,Q3 2024,WH-03,PRD-03,814,554,386,5870,False,33.02
2024-08-26,Q3 2024,WH-03,PRD-03,654,787,354,6303,False,35.46
2024-08-27,Q3 2024,WH-03,PRD-03,584,661,211,6753,False,37.99
2024-08-28,Q3 2024,WH-03,PRD-03,579,425,834,6344,False,35.69
2024-08-29,Q3 2024,WH-03,PRD-03,422,836,345,6835,False,38.45
2024-08-30,Q3 2024,WH-03,PRD-03,723,745,481,7099,False,39.93
2024-08-31,Q3 2024,WH-03,PRD-03,605,654,473,7280,False,40.95
2024-09-01,Q3 2024,WH-03,PRD-03,592,539,563,7256,False,40.82
2024-09-02,Q3 2024,WH-03,PRD-03,1007,434,642,7048,False,39.65
2024-09-03,Q3 2024,WH-03,PRD-03,651,518,649,6917,False,38.91
2024-09-04,Q3 2024,WH-03,PRD-03,522,727,425,7219,False,40.61
2024-09-05,Q3 2024,WH-03,PRD-03,562,840,490,7569,False,42.58
2024-09-06,Q3 2024,WH-03,PRD-03,756,791,559,7801,False,43.88
2024-09-07,Q3 2024,WH-03,PRD-03,629,501,477,7825,False,44.02
2024-09-08,Q3 2024,WH-03,PRD-03,438,411,764,7472,False,42.03
2024-09-09,Q3 2024,WH-03,PRD-03,728,591,592,7471,False,42.03
2024-09-10,Q3 2024,WH-03,PRD-03,532,319,629,7161,False,40.28
2024-09-11,Q3 2024,WH-03,PRD-03,845,617,618,7160,False,40.28
2024-09-12,Q3 2024,WH-03,PRD-03,747,550,697,7013,False,39.45
2024-09-13,Q3 2024,WH-03,PRD-03,560,505,544,6974,False,39.23
2024-09-14,Q3 2024,WH-03,PRD-03,772,343,315,7002,False,39.39
2024-09-15,Q3 2024,WH-03,PRD-03,623,644,577,7069,False,39.76
2024-09-16,Q3 2024,WH-03,PRD-03,719,495,415,7149,False,40.21
2024-09-17,Q3 2024,WH-03,PRD-03,674,404,434,7119,False,40.05
2024-09-18,Q3 2024,WH-03,PRD-03,511,161,606,6674,False,37.54
2024-09-19,Q3 2024,WH-03,PRD-03,535,567,707,6534,False,36.76
2024-09-20,Q3 2024,WH-03,PRD-03,741,824,519,6839,False,38.47
2024-09-21,Q3 2024,WH-03,PRD-03,573,808,563,7084,False,39.85
2024-09-22,Q3 2024,WH-03,PRD-03,565,506,779,6811,False,38.31
2024-09-23,Q3 2024,WH-03,PRD-03,497,485,553,6743,False,37.93
2024-09-24,Q3 2024,WH-03,PRD-03,667,638,918,6463,False,36.36
2024-09-25,Q3 2024,WH-03,PRD-03,868,429,603,6289,False,35.38
2024-09-26,Q3 2024,WH-03,PRD-03,483,614,243,6660,False,37.46
2024-09-27,Q3 2024,WH-03,PRD-03,618,680,632,6708,False,37.73
2024-09-28,Q3 2024,WH-03,PRD-03,788,746,575,6879,False,38.7
2024-09-29,Q3 2024,WH-03,PRD-03,605,557,715,6721,False,37.81
2024-09-30,Q3 2024,WH-03,PRD-03,670,542,620,6643,False,37.37
2024-10-01,Q4 2024,WH-01,PRD-01,30,21,16,208,True,50.73
2024-10-02,Q4 2024,WH-01,PRD-01,30,22,30,200,True,48.78
2024-10-03,Q4 2024,WH-01,PRD-01,35,37,25,212,True,51.71
2024-10-04,Q4 2024,WH-01,PRD-01,32,42,34,220,True,53.66
2024-10-05,Q4 2024,WH-01,PRD-01,36,29,36,213,True,51.95
2024-10-06,Q4 2024,WH-01,PRD-01,32,28,47,194,True,47.32
2024-10-07,Q4 2024,WH-01,PRD-01,27,30,31,193,True,47.07
2024-10-08,Q4 2024,WH-01,PRD-01,32,38,29,202,True,49.27
2024-10-09,Q4 2024,WH-01,PRD-01,23,23,28,197,True,48.05
2024-10-10,Q4 2024,WH-01,PRD-01,31,31,23,205,True,50.0
2024-10-11,Q4 2024,WH-01,PRD-01,30,37,29,213,True,51.95
2024-10-12,Q4 2024,WH-01,PRD-01,29,33,24,222,True,54.15
2024-10-13,Q4 2024,WH-01,PRD-01,29,31,28,225,True,54.88
2024-10-14,Q4 2024,WH-01,PRD-01,19,37,37,225,True,54.88
2024-10-15,Q4 2024,WH-01,PRD-01,27,10,18,217,True,52.93
2024-10-16,Q4 2024,WH-01,PRD-01,31,35,35,217,True,52.93
2024-10-17,Q4 2024,WH-01,PRD-01,31,25,37,205,True,50.0
2024-10-18,Q4 2024,WH-01,PRD-01,24,16,25,196,True,47.8
2024-10-19,Q4 2024,WH-01,PRD-01,38,33,10,219,True,53.41
2024-10-20,Q4 2024,WH-01,PRD-01,25,40,21,238,True,58.05
2024-10-21,Q4 2024,WH-01,PRD-01,36,29,36,231,True,56.34
2024-10-22,Q4 2024,WH-01,PRD-01,33,37,26,242,True,59.02
2024-10-23,Q4 2024,WH-01,PRD-01,26,41,18,265,False,64.63
2024-10-24,Q4 2024,WH-01,PRD-01,41,39,22,282,False,68.78
2024-10-25,Q4 2024,WH-01,PRD-01,23,42,33,291,False,70.98
2024-10-26,Q4 2024,WH-01,PRD-01,36,35,31,295,False,71.95
2024-10-27,Q4 2024,WH-01,PRD-01,36,30,24,301,False,73.41
2024-10-28,Q4 2024,WH-01,PRD-01,26,18,23,296,False,72.2
2024-10-29,Q4 2024,WH-01,PRD-01,39,28,23,301,False,73.41
2024-10-30,Q4 2024,WH-01,PRD-01,29,23,19,305,False,74.39
2024-10-31,Q4 2024,WH-01,PRD-01,32,46,39,312,False,76.1
2024-11-01,Q4 2024,WH-01,PRD-01,32,28,24,316,False,77.07
2024-11-02,Q4 2024,WH-01,PRD-01,29,30,36,310,False,75.61
2024-11-03,Q4 2024,WH-01,PRD-01,35,34,38,306,False,74.63
2024-11-04,Q4 2024,WH-01,PRD-01,35,30,34,302,False,73.66
2024-11-05,Q4 2024,WH-01,PRD-01,20,42,23,321,False,78.29
2024-11-06,Q4 2024,WH-01,PRD-01,38,25,29,317,False,77.32
2024-11-07,Q4 2024,WH-01,PRD-01,20,31,26,322,False,78.54
2024-11-08,Q4 2024,WH-01,PRD-01,37,24,19,327,False,79.76
2024-11-09,Q4 2024,WH-01,PRD-01,37,20,29,318,False,77.56
2024-11-10,Q4 2024,WH-01,PRD-01,24,25,17,326,False,79.51
2024-11-11,Q4 2024,WH-01,PRD-01,28,29,36,319,False,77.8
2024-11-12,Q4 2024,WH-01,PRD-01,24,26,23,322,False,78.54
2024-11-13,Q4 2024,WH-01,PRD-01,29,24,28,318,False,77.56
2024-11-14,Q4 2024,WH-01,PRD-01,28,19,28,309,False,75.37
2024-11-15,Q4 2024,WH-01,PRD-01,35,29,24,314,False,76.59
2024-11-16,Q4 2024,WH-01,PRD-01,38,18,31,301,False,73.41
2024-11-17,Q4 2024,WH-01,PRD-01,39,35,23,313,False,76.34
2024-11-18,Q4 2024,WH-01,PRD-01,27,30,33,310,False,75.61
2024-11-19,Q4 2024,WH-01,PRD-01,29,19,16,313,False,76.34
2024-11-20,Q4 2024,WH-01,PRD-01,20,27,27,313,False,76.34
2024-11-21,Q4 2024,WH-01,PRD-01,25,24,42,295,False,71.95
2024-11-22,Q4 2024,WH-01,PRD-01,36,32,18,309,False,75.37
2024-11-23,Q4 2024,WH-01,PRD-01,40,39,21,327,False,79.76
2024-11-24,Q4 2024,WH-01,PRD-01,23,16,30,313,False,76.34
2024-11-25,Q4 2024,WH-01,PRD-01,27,30,28,315,False,76.83
2024-11-26,Q4 2024,WH-01,PRD-01,30,28,29,314,False,76.59
2024-11-27,Q4 2024,WH-01,PRD-01,32,34,30,318,False,77.56
2024-11-28,Q4 2024,WH-01,PRD-01,25,31,31,318,False,77.56
2024-11-29,Q4 2024,WH-01,PRD-01,33,24,35,307,False,74.88
2024-11-30,Q4 2024,WH-01,PRD-01,27,27,29,305,False,74.39
2024-12-01,Q4 2024,WH-01,PRD-01,30,24,24,305,False,74.39
2024-12-02,Q4 2024,WH-01,PRD-01,34,37,32,310,False,75.61
2024-12-03,Q4 2024,WH-01,PRD-01,30,30,41,299,False,72.93
2024-12-04,Q4 2024,WH-01,PRD-01,28,44,25,318,False,77.56
2024-12-05,Q4 2024,WH-01,PRD-01,30,29,19,328,False,80.0
2024-12-06,Q4 2024,WH-01,PRD-01,30,24,35,317,False,77.32
2024-12-07,Q4 2024,WH-01,PRD-01,28,18,25,310,False,75.61
2024-12-08,Q4 2024,WH-01,PRD-01,29,16,9,317,False,77.32
2024-12-09,Q4 2024,WH-01,PRD-01,40,18,33,302,False,73.66
2024-12-10,Q4 2024,WH-01,PRD-01,34,31,22,311,False,75.85
2024-12-11,Q4 2024,WH-01,PRD-01,28,33,26,318,False,77.56
2024-12-12,Q4 2024,WH-01,PRD-01,34,18,29,307,False,74.88
2024-12-13,Q4 2024,WH-01,PRD-01,28,36,28,315,False,76.83
2024-12-14,Q4 2024,WH-01,PRD-01,37,26,32,309,False,75.37
2024-12-15,Q4 2024,WH-01,PRD-01,33,31,23,317,False,77.32
2024-12-16,Q4 2024,WH-01,PRD-01,30,41,30,328,False,80.0
2024-12-17,Q4 2024,WH-01,PRD-01,33,36,24,340,False,82.93
2024-12-18,Q4 2024,WH-01,PRD-01,21,28,32,336,False,81.95
2024-12-19,Q4 2024,WH-01,PRD-01,23,23,31,328,False,80.0
2024-12-20,Q4 2024,WH-01,PRD-01,23,14,19,323,False,78.78
2024-12-21,Q4 2024,WH-01,PRD-01,31,24,35,312,False,76.1
2024-12-22,Q4 2024,WH-01,PRD-01,41,28,22,318,False,77.56
2024-12-23,Q4 2024,WH-01,PRD-01,44,22,33,307,False,74.88
2024-12-24,Q4 2024,WH-01,PRD-01,34,29,29,307,False,74.88
2024-12-25,Q4 2024,WH-01,PRD-01,33,30,41,296,False,72.2
2024-12-26,Q4 2024,WH-01,PRD-01,19,28,24,300,False,73.17
2024-12-27,Q4 2024,WH-01,PRD-01,27,25,24,301,False,73.41
2024-12-28,Q4 2024,WH-01,PRD-01,26,31,26,306,False,74.63
2024-12-29,Q4 2024,WH-01,PRD-01,27,33,24,315,False,76.83
2024-12-30,Q4 2024,WH-01,PRD-01,29,21,33,303,False,73.9
2024-12-31,Q4 2024,WH-01,PRD-01,27,40,14,329,False,80.24
2024-10-01,Q4 2024,WH-02,PRD-01,0,0,0,0,False,0.0
2024-10-02,Q4 2024,WH-02,PRD-01,0,0,0,0,False,0.0
2024-10-03,Q4 2024,WH-02,PRD-01,0,0,0,0,False,0.0
2024-10-04,Q4 2024,WH-02,PRD-01,0,0,0,0,False,0.0
2024-10-05,Q4 2024,WH-02,PRD-01,0,0,0,0,False,0.0
2024-10-06,Q4 2024,WH-02,PRD-01,0,0,0,0,False,0.0
2024-10-07,Q4 2024,WH-02,PRD-01,0,0,0,0,False,0.0
2024-10-08,Q4 2024,WH-02,PRD-01,0,0,0,0,False,0.0
2024-10-09,Q4 2024,WH-02,PRD-01,0,0,0,0,False,0.0
2024-10-10,Q4 2024,WH-02,PRD-01,0,0,0,0,False,0.0
2024-10-11,Q4 2024,WH-02,PRD-01,0,0,0,0,False,0.0
2024-10-12,Q4 2024,WH-02,PRD-01,0,0,0,0,False,0.0
2024-10-13,Q4 2024,WH-02,PRD-01,0,0,0,0,False,0.0
2024-10-14,Q4 2024,WH-02,PRD-01,0,0,0,0,False,0.0
2024-10-15,Q4 2024,WH-02,PRD-01,0,0,0,0,False,0.0
2024-10-16,Q4 2024,WH-02,PRD-01,0,0,0,0,False,0.0
2024-10-17,Q4 2024,WH-02,PRD-01,0,0,0,0,False,0.0
2024-10-18,Q4 2024,WH-02,PRD-01,0,0,0,0,False,0.0
2024-10-19,Q4 2024,WH-02,PRD-01,0,0,0,0,False,0.0
2024-10-20,Q4 2024,WH-02,PRD-01,0,0,0,0,False,0.0
2024-10-21,Q4 2024,WH-02,PRD-01,0,0,0,0,False,0.0
2024-10-22,Q4 2024,WH-02,PRD-01,0,0,0,0,False,0.0
2024-10-23,Q4 2024,WH-02,PRD-01,0,0,0,0,False,0.0
2024-10-24,Q4 2024,WH-02,PRD-01,0,0,0,0,False,0.0
2024-10-25,Q4 2024,WH-02,PRD-01,0,0,0,0,False,0.0
2024-10-26,Q4 2024,WH-02,PRD-01,0,0,0,0,False,0.0
2024-10-27,Q4 2024,WH-02,PRD-01,0,0,0,0,False,0.0
2024-10-28,Q4 2024,WH-02,PRD-01,0,0,0,0,False,0.0
2024-10-29,Q4 2024,WH-02,PRD-01,0,0,0,0,False,0.0
2024-10-30,Q4 2024,WH-02,PRD-01,0,0,0,0,False,0.0
2024-10-31,Q4 2024,WH-02,PRD-01,0,0,0,0,False,0.0
2024-11-01,Q4 2024,WH-02,PRD-01,0,0,0,0,False,0.0
2024-11-02,Q4 2024,WH-02,PRD-01,0,0,0,0,False,0.0
2024-11-03,Q4 2024,WH-02,PRD-01,0,0,0,0,False,0.0
2024-11-04,Q4 2024,WH-02,PRD-01,0,0,0,0,False,0.0
2024-11-05,Q4 2024,WH-02,PRD-01,0,0,0,0,False,0.0
2024-11-06,Q4 2024,WH-02,PRD-01,0,0,0,0,False,0.0
2024-11-07,Q4 2024,WH-02,PRD-01,0,0,0,0,False,0.0
2024-11-08,Q4 2024,WH-02,PRD-01,0,0,0,0,False,0.0
2024-11-09,Q4 2024,WH-02,PRD-01,0,0,0,0,False,0.0
2024-11-10,Q4 2024,WH-02,PRD-01,0,0,0,0,False,0.0
2024-11-11,Q4 2024,WH-02,PRD-01,0,0,0,0,False,0.0
2024-11-12,Q4 2024,WH-02,PRD-01,0,0,0,0,False,0.0
2024-11-13,Q4 2024,WH-02,PRD-01,0,0,0,0,False,0.0
2024-11-14,Q4 2024,WH-02,PRD-01,0,0,0,0,False,0.0
2024-11-15,Q4 2024,WH-02,PRD-01,0,0,0,0,False,0.0
2024-11-16,Q4 2024,WH-02,PRD-01,0,0,0,0,False,0.0
2024-11-17,Q4 2024,WH-02,PRD-01,0,0,0,0,False,0.0
2024-11-18,Q4 2024,WH-02,PRD-01,0,0,0,0,False,0.0
2024-11-19,Q4 2024,WH-02,PRD-01,0,0,0,0,False,0.0
2024-11-20,Q4 2024,WH-02,PRD-01,0,0,0,0,False,0.0
2024-11-21,Q4 2024,WH-02,PRD-01,0,0,0,0,False,0.0
2024-11-22,Q4 2024,WH-02,PRD-01,0,0,0,0,False,0.0
2024-11-23,Q4 2024,WH-02,PRD-01,0,0,0,0,False,0.0
2024-11-24,Q4 2024,WH-02,PRD-01,0,0,0,0,False,0.0
2024-11-25,Q4 2024,WH-02,PRD-01,0,0,0,0,False,0.0
2024-11-26,Q4 2024,WH-02,PRD-01,0,0,0,0,False,0.0
2024-11-27,Q4 2024,WH-02,PRD-01,0,0,0,0,False,0.0
2024-11-28,Q4 2024,WH-02,PRD-01,0,0,0,0,False,0.0
2024-11-29,Q4 2024,WH-02,PRD-01,0,0,0,0,False,0.0
2024-11-30,Q4 2024,WH-02,PRD-01,0,0,0,0,False,0.0
2024-12-01,Q4 2024,WH-02,PRD-01,0,0,0,0,False,0.0
2024-12-02,Q4 2024,WH-02,PRD-01,0,0,0,0,False,0.0
2024-12-03,Q4 2024,WH-02,PRD-01,0,0,0,0,False,0.0
2024-12-04,Q4 2024,WH-02,PRD-01,0,0,0,0,False,0.0
2024-12-05,Q4 2024,WH-02,PRD-01,0,0,0,0,False,0.0
2024-12-06,Q4 2024,WH-02,PRD-01,0,0,0,0,False,0.0
2024-12-07,Q4 2024,WH-02,PRD-01,0,0,0,0,False,0.0
2024-12-08,Q4 2024,WH-02,PRD-01,0,0,0,0,False,0.0
2024-12-09,Q4 2024,WH-02,PRD-01,0,0,0,0,False,0.0
2024-12-10,Q4 2024,WH-02,PRD-01,0,0,0,0,False,0.0
2024-12-11,Q4 2024,WH-02,PRD-01,0,0,0,0,False,0.0
2024-12-12,Q4 2024,WH-02,PRD-01,0,0,0,0,False,0.0
2024-12-13,Q4 2024,WH-02,PRD-01,0,0,0,0,False,0.0
2024-12-14,Q4 2024,WH-02,PRD-01,0,0,0,0,False,0.0
2024-12-15,Q4 2024,WH-02,PRD-01,0,0,0,0,False,0.0
2024-12-16,Q4 2024,WH-02,PRD-01,0,0,0,0,False,0.0
2024-12-17,Q4 2024,WH-02,PRD-01,0,0,0,0,False,0.0
2024-12-18,Q4 2024,WH-02,PRD-01,0,0,0,0,False,0.0
2024-12-19,Q4 2024,WH-02,PRD-01,0,0,0,0,False,0.0
2024-12-20,Q4 2024,WH-02,PRD-01,0,0,0,0,False,0.0
2024-12-21,Q4 2024,WH-02,PRD-01,0,0,0,0,False,0.0
2024-12-22,Q4 2024,WH-02,PRD-01,0,0,0,0,False,0.0
2024-12-23,Q4 2024,WH-02,PRD-01,0,0,0,0,False,0.0
2024-12-24,Q4 2024,WH-02,PRD-01,0,0,0,0,False,0.0
2024-12-25,Q4 2024,WH-02,PRD-01,0,0,0,0,False,0.0
2024-12-26,Q4 2024,WH-02,PRD-01,0,0,0,0,False,0.0
2024-12-27,Q4 2024,WH-02,PRD-01,0,0,0,0,False,0.0
2024-12-28,Q4 2024,WH-02,PRD-01,0,0,0,0,False,0.0
2024-12-29,Q4 2024,WH-02,PRD-01,0,0,0,0,False,0.0
2024-12-30,Q4 2024,WH-02,PRD-01,0,0,0,0,False,0.0
2024-12-31,Q4 2024,WH-02,PRD-01,0,0,0,0,False,0.0
2024-10-01,Q4 2024,WH-03,PRD-03,745,763,353,6928,True,38.97
2024-10-02,Q4 2024,WH-03,PRD-03,1300,724,1070,6582,True,37.03
2024-10-03,Q4 2024,WH-03,PRD-03,802,1142,592,7132,True,40.12
2024-10-04,Q4 2024,WH-03,PRD-03,1103,900,936,7096,True,39.92
2024-10-05,Q4 2024,WH-03,PRD-03,914,883,1417,6562,True,36.91
2024-10-06,Q4 2024,WH-03,PRD-03,1097,472,633,6401,True,36.01
2024-10-07,Q4 2024,WH-03,PRD-03,872,1096,210,7287,True,40.99
2024-10-08,Q4 2024,WH-03,PRD-03,947,653,799,7141,True,40.17
2024-10-09,Q4 2024,WH-03,PRD-03,987,960,1162,6939,True,39.03
2024-10-10,Q4 2024,WH-03,PRD-03,782,1012,1387,6564,True,36.92
2024-10-11,Q4 2024,WH-03,PRD-03,1124,1268,551,7281,True,40.96
2024-10-12,Q4 2024,WH-03,PRD-03,878,636,1004,6913,True,38.89
2024-10-13,Q4 2024,WH-03,PRD-03,934,232,752,6393,True,35.96
2024-10-14,Q4 2024,WH-03,PRD-03,784,989,846,6536,True,36.77
2024-10-15,Q4 2024,WH-03,PRD-03,477,1372,1566,6342,True,35.68
2024-10-16,Q4 2024,WH-03,PRD-03,941,1239,480,7101,True,39.94
2024-10-17,Q4 2024,WH-03,PRD-03,1451,996,940,7157,True,40.26
2024-10-18,Q4 2024,WH-03,PRD-03,1132,830,996,6991,True,39.33
2024-10-19,Q4 2024,WH-03,PRD-03,975,1137,1158,6970,True,39.21
2024-10-20,Q4 2024,WH-03,PRD-03,927,716,899,6787,True,38.18
2024-10-21,Q4 2024,WH-03,PRD-03,983,1059,954,6892,True,38.77
2024-10-22,Q4 2024,WH-03,PRD-03,1086,1066,771,7187,True,40.43
2024-10-23,Q4 2024,WH-03,PRD-03,747,1197,944,7440,True,41.85
2024-10-24,Q4 2024,WH-03,PRD-03,1197,1599,784,8255,False,46.44
2024-10-25,Q4 2024,WH-03,PRD-03,1119,1039,1036,8258,False,46.45
2024-10-26,Q4 2024,WH-03,PRD-03,1119,826,777,8307,False,46.73
2024-10-27,Q4 2024,WH-03,PRD-03,1064,940,972,8275,False,46.55
2024-10-28,Q4 2024,WH-03,PRD-03,982,528,866,7937,True,44.65
2024-10-29,Q4 2024,WH-03,PRD-03,1110,782,1169,7550,True,42.47
2024-10-30,Q4 2024,WH-03,PRD-03,1094,849,860,7539,True,42.41
2024-10-31,Q4 2024,WH-03,PRD-03,909,822,409,7952,True,44.73
2024-11-01,Q4 2024,WH-03,PRD-03,866,982,1204,7730,True,43.48
2024-11-02,Q4 2024,WH-03,PRD-03,998,751,636,7845,True,44.13
2024-11-03,Q4 2024,WH-03,PRD-03,1282,1211,702,8354,False,46.99
2024-11-04,Q4 2024,WH-03,PRD-03,736,946,717,8583,False,48.28
2024-11-05,Q4 2024,WH-03,PRD-03,691,944,1234,8293,False,46.65
2024-11-06,Q4 2024,WH-03,PRD-03,1011,868,314,8847,False,49.77
2024-11-07,Q4 2024,WH-03,PRD-03,989,983,1696,8134,True,45.76
2024-11-08,Q4 2024,WH-03,PRD-03,1012,1141,1150,8125,True,45.71
2024-11-09,Q4 2024,WH-03,PRD-03,1026,741,932,7934,True,44.63
2024-11-10,Q4 2024,WH-03,PRD-03,935,790,859,7865,True,44.24
2024-11-11,Q4 2024,WH-03,PRD-03,1270,874,948,7791,True,43.83
2024-11-12,Q4 2024,WH-03,PRD-03,665,628,1010,7409,True,41.68
2024-11-13,Q4 2024,WH-03,PRD-03,816,752,1043,7118,True,40.04
2024-11-14,Q4 2024,WH-03,PRD-03,958,833,1019,6932,True,38.99
2024-11-15,Q4 2024,WH-03,PRD-03,657,1153,897,7188,True,40.43
2024-11-16,Q4 2024,WH-03,PRD-03,944,1008,822,7374,True,41.48
2024-11-17,Q4 2024,WH-03,PRD-03,1304,992,834,7532,True,42.37
2024-11-18,Q4 2024,WH-03,PRD-03,983,1147,822,7857,True,44.2
2024-11-19,Q4 2024,WH-03,PRD-03,1024,913,1171,7599,True,42.75
2024-11-20,Q4 2024,WH-03,PRD-03,732,1038,1029,7608,True,42.8
2024-11-21,Q4 2024,WH-03,PRD-03,858,922,103,8427,False,47.4
2024-11-22,Q4 2024,WH-03,PRD-03,905,1009,1045,8391,False,47.2
2024-11-23,Q4 2024,WH-03,PRD-03,916,808,925,8274,False,46.54
2024-11-24,Q4 2024,WH-03,PRD-03,1229,369,869,7774,True,43.73
2024-11-25,Q4 2024,WH-03,PRD-03,1088,914,772,7916,True,44.53
2024-11-26,Q4 2024,WH-03,PRD-03,761,1282,1168,8030,True,45.17
2024-11-27,Q4 2024,WH-03,PRD-03,1027,1165,1122,8073,True,45.41
2024-11-28,Q4 2024,WH-03,PRD-03,1076,1174,671,8576,False,48.24
2024-11-29,Q4 2024,WH-03,PRD-03,1202,1238,980,8834,False,49.69
2024-11-30,Q4 2024,WH-03,PRD-03,1288,967,619,9182,False,51.65
2024-12-01,Q4 2024,WH-03,PRD-03,780,993,512,9663,False,54.36
2024-12-02,Q4 2024,WH-03,PRD-03,820,800,709,9754,False,54.87
2024-12-03,Q4 2024,WH-03,PRD-03,732,871,1100,9525,False,53.58
2024-12-04,Q4 2024,WH-03,PRD-03,933,1092,1123,9494,False,53.41
2024-12-05,Q4 2024,WH-03,PRD-03,1070,1231,1008,9717,False,54.66
2024-12-06,Q4 2024,WH-03,PRD-03,1172,913,1064,9566,False,53.81
2024-12-07,Q4 2024,WH-03,PRD-03,964,840,1009,9397,False,52.86
2024-12-08,Q4 2024,WH-03,PRD-03,916,946,705,9638,False,54.22
2024-12-09,Q4 2024,WH-03,PRD-03,1008,1088,987,9739,False,54.78
2024-12-10,Q4 2024,WH-03,PRD-03,815,605,1083,9261,False,52.1
2024-12-11,Q4 2024,WH-03,PRD-03,1387,403,1071,8593,False,48.34
2024-12-12,Q4 2024,WH-03,PRD-03,664,816,1185,8224,False,46.26
2024-12-13,Q4 2024,WH-03,PRD-03,1015,657,1059,7822,True,44.0
2024-12-14,Q4 2024,WH-03,PRD-03,1375,826,966,7682,True,43.21
2024-12-15,Q4 2024,WH-03,PRD-03,980,911,1154,7439,True,41.85
2024-12-16,Q4 2024,WH-03,PRD-03,941,839,867,7411,True,41.69
2024-12-17,Q4 2024,WH-03,PRD-03,909,1289,642,8058,True,45.33
2024-12-18,Q4 2024,WH-03,PRD-03,943,1023,831,8250,False,46.41
2024-12-19,Q4 2024,WH-03,PRD-03,1247,1017,678,8589,False,48.32
2024-12-20,Q4 2024,WH-03,PRD-03,546,1093,697,8985,False,50.54
2024-12-21,Q4 2024,WH-03,PRD-03,1279,677,836,8826,False,49.65
2024-12-22,Q4 2024,WH-03,PRD-03,700,1192,666,9352,False,52.61
2024-12-23,Q4 2024,WH-03,PRD-03,926,928,793,9487,False,53.37
2024-12-24,Q4 2024,WH-03,PRD-03,895,1105,377,10215,False,57.46
2024-12-25,Q4 2024,WH-03,PRD-03,1094,692,929,9978,False,56.13
2024-12-26,Q4 2024,WH-03,PRD-03,666,579,874,9683,False,54.47
2024-12-27,Q4 2024,WH-03,PRD-03,1069,1139,659,10163,False,57.17
2024-12-28,Q4 2024,WH-03,PRD-03,1375,1035,1046,10152,False,57.11
2024-12-29,Q4 2024,WH-03,PRD-03,712,733,1119,9766,False,54.94
2024-12-30,Q4 2024,WH-03,PRD-03,1016,740,452,10054,False,56.56
2024-12-31,Q4 2024,WH-03,PRD-03,849,1212,674,10592,False,59.58
2025-01-01,Q1 2025,WH-01,PRD-01,18,25,18,135,True,32.93
2025-01-02,Q1 2025,WH-01,PRD-01,15,17,18,134,True,32.68
2025-01-03,Q1 2025,WH-01,PRD-01,18,15,15,134,True,32.68
2025-01-04,Q1 2025,WH-01,PRD-01,21,24,21,137,True,33.41
2025-01-05,Q1 2025,WH-01,PRD-01,16,26,28,135,True,32.93
2025-01-06,Q1 2025,WH-01,PRD-01,16,22,17,140,True,34.15
2025-01-07,Q1 2025,WH-01,PRD-01,21,18,22,136,True,33.17
2025-01-08,Q1 2025,WH-01,PRD-01,20,14,11,139,True,33.9
2025-01-09,Q1 2025,WH-01,PRD-01,20,14,13,140,True,34.15
2025-01-10,Q1 2025,WH-01,PRD-01,17,20,21,139,True,33.9
2025-01-11,Q1 2025,WH-01,PRD-01,19,20,26,133,True,32.44
2025-01-12,Q1 2025,WH-01,PRD-01,16,24,20,137,True,33.41
2025-01-13,Q1 2025,WH-01,PRD-01,23,21,16,142,True,34.63
2025-01-14,Q1 2025,WH-01,PRD-01,24,11,18,135,True,32.93
2025-01-15,Q1 2025,WH-01,PRD-01,13,23,11,147,True,35.85
2025-01-16,Q1 2025,WH-01,PRD-01,16,14,21,140,True,34.15
2025-01-17,Q1 2025,WH-01,PRD-01,14,16,23,133,True,32.44
2025-01-18,Q1 2025,WH-01,PRD-01,17,19,16,136,True,33.17
2025-01-19,Q1 2025,WH-01,PRD-01,20,27,16,147,True,35.85
2025-01-20,Q1 2025,WH-01,PRD-01,14,32,20,159,True,38.78
2025-01-21,Q1 2025,WH-01,PRD-01,16,21,16,164,False,40.0
2025-01-22,Q1 2025,WH-01,PRD-01,16,17,18,163,False,39.76
2025-01-23,Q1 2025,WH-01,PRD-01,21,20,30,153,True,37.32
2025-01-24,Q1 2025,WH-01,PRD-01,20,22,17,158,True,38.54
2025-01-25,Q1 2025,WH-01,PRD-01,17,17,16,159,True,38.78
2025-01-26,Q1 2025,WH-01,PRD-01,21,26,15,170,False,41.46
2025-01-27,Q1 2025,WH-01,PRD-01,18,19,22,167,False,40.73
2025-01-28,Q1 2025,WH-01,PRD-01,19,20,17,170,False,41.46
2025-01-29,Q1 2025,WH-01,PRD-01,27,21,15,176,False,42.93
2025-01-30,Q1 2025,WH-01,PRD-01,25,20,25,171,False,41.71
2025-01-31,Q1 2025,WH-01,PRD-01,15,22,26,167,False,40.73
2025-02-01,Q1 2025,WH-01,PRD-01,23,15,15,167,False,40.73
2025-02-02,Q1 2025,WH-01,PRD-01,23,16,8,175,False,42.68
2025-02-03,Q1 2025,WH-01,PRD-01,15,13,24,164,False,40.0
2025-02-04,Q1 2025,WH-01,PRD-01,23,20,14,170,False,41.46
2025-02-05,Q1 2025,WH-01,PRD-01,26,22,22,170,False,41.46
2025-02-06,Q1 2025,WH-01,PRD-01,15,20,7,183,False,44.63
2025-02-07,Q1 2025,WH-01,PRD-01,16,26,23,186,False,45.37
2025-02-08,Q1 2025,WH-01,PRD-01,24,18,12,192,False,46.83
2025-02-09,Q1 2025,WH-01,PRD-01,21,21,22,191,False,46.59
2025-02-10,Q1 2025,WH-01,PRD-01,22,13,18,186,False,45.37
2025-02-11,Q1 2025,WH-01,PRD-01,21,16,13,189,False,46.1
2025-02-12,Q1 2025,WH-01,PRD-01,21,21,16,194,False,47.32
2025-02-13,Q1 2025,WH-01,PRD-01,15,22,22,194,False,47.32
2025-02-14,Q1 2025,WH-01,PRD-01,24,17,19,192,False,46.83
2025-02-15,Q1 2025,WH-01,PRD-01,25,18,21,189,False,46.1
2025-02-16,Q1 2025,WH-01,PRD-01,19,11,29,171,False,41.71
2025-02-17,Q1 2025,WH-01,PRD-01,20,16,10,177,False,43.17
2025-02-18,Q1 2025,WH-01,PRD-01,14,22,27,172,False,41.95
2025-02-19,Q1 2025,WH-01,PRD-01,22,21,19,174,False,42.44
2025-02-20,Q1 2025,WH-01,PRD-01,22,20,13,181,False,44.15
2025-02-21,Q1 2025,WH-01,PRD-01,20,18,11,188,False,45.85
2025-02-22,Q1 2025,WH-01,PRD-01,24,18,17,189,False,46.1
2025-02-23,Q1 2025,WH-01,PRD-01,19,15,23,181,False,44.15
2025-02-24,Q1 2025,WH-01,PRD-01,22,21,17,185,False,45.12
2025-02-25,Q1 2025,WH-01,PRD-01,16,20,26,179,False,43.66
2025-02-26,Q1 2025,WH-01,PRD-01,20,20,10,189,False,46.1
2025-02-27,Q1 2025,WH-01,PRD-01,19,16,18,187,False,45.61
2025-02-28,Q1 2025,WH-01,PRD-01,21,8,11,184,False,44.88
2025-03-01,Q1 2025,WH-01,PRD-01,18,23,20,187,False,45.61
2025-03-02,Q1 2025,WH-01,PRD-01,19,16,23,180,False,43.9
2025-03-03,Q1 2025,WH-01,PRD-01,23,14,16,178,False,43.41
2025-03-04,Q1 2025,WH-01,PRD-01,18,21,4,195,False,47.56
2025-03-05,Q1 2025,WH-01,PRD-01,14,16,19,192,False,46.83
2025-03-06,Q1 2025,WH-01,PRD-01,27,23,20,195,False,47.56
2025-03-07,Q1 2025,WH-01,PRD-01,25,21,20,196,False,47.8
2025-03-08,Q1 2025,WH-01,PRD-01,15,21,25,192,False,46.83
2025-03-09,Q1 2025,WH-01,PRD-01,23,12,12,192,False,46.83
2025-03-10,Q1 2025,WH-01,PRD-01,18,24,22,194,False,47.32
2025-03-11,Q1 2025,WH-01,PRD-01,21,19,25,188,False,45.85
2025-03-12,Q1 2025,WH-01,PRD-01,21,16,8,196,False,47.8
2025-03-13,Q1 2025,WH-01,PRD-01,19,19,20,195,False,47.56
2025-03-14,Q1 2025,WH-01,PRD-01,17,10,15,190,False,46.34
2025-03-15,Q1 2025,WH-01,PRD-01,17,20,18,192,False,46.83
2025-03-16,Q1 2025,WH-01,PRD-01,16,13,20,185,False,45.12
2025-03-17,Q1 2025,WH-01,PRD-01,17,12,15,182,False,44.39
2025-03-18,Q1 2025,WH-01,PRD-01,20,11,14,179,False,43.66
2025-03-19,Q1 2025,WH-01,PRD-01,17,23,18,184,False,44.88
2025-03-20,Q1 2025,WH-01,PRD-01,23,15,12,187,False,45.61
2025-03-21,Q1 2025,WH-01,PRD-01,26,25,12,200,False,48.78
2025-03-22,Q1 2025,WH-01,PRD-01,18,16,22,194,False,47.32
2025-03-23,Q1 2025,WH-01,PRD-01,21,10,12,192,False,46.83
2025-03-24,Q1 2025,WH-01,PRD-01,22,13,22,183,False,44.63
2025-03-25,Q1 2025,WH-01,PRD-01,22,24,21,186,False,45.37
2025-03-26,Q1 2025,WH-01,PRD-01,20,17,9,194,False,47.32
2025-03-27,Q1 2025,WH-01,PRD-01,23,16,14,196,False,47.8
2025-03-28,Q1 2025,WH-01,PRD-01,22,19,25,190,False,46.34
2025-03-29,Q1 2025,WH-01,PRD-01,15,20,13,197,False,48.05
2025-03-30,Q1 2025,WH-01,PRD-01,23,23,16,204,False,49.76
2025-03-31,Q1 2025,WH-01,PRD-01,23,25,21,208,False,50.73
2025-01-01,Q1 2025,WH-02,PRD-01,13,1,6,58,True,28.29
2025-01-02,Q1 2025,WH-02,PRD-01,7,9,9,58,True,28.29
2025-01-03,Q1 2025,WH-02,PRD-01,9,10,10,58,True,28.29
2025-01-04,Q1 2025,WH-02,PRD-01,11,11,8,61,True,29.76
2025-01-05,Q1 2025,WH-02,PRD-01,8,7,11,57,True,27.8
2025-01-06,Q1 2025,WH-02,PRD-01,12,9,15,51,True,24.88
2025-01-07,Q1 2025,WH-02,PRD-01,10,7,7,51,True,24.88
2025-01-08,Q1 2025,WH-02,PRD-01,11,10,5,56,True,27.32
2025-01-09,Q1 2025,WH-02,PRD-01,8,7,9,54,True,26.34
2025-01-10,Q1 2025,WH-02,PRD-01,11,8,10,52,True,25.37
2025-01-11,Q1 2025,WH-02,PRD-01,7,7,8,51,True,24.88
2025-01-12,Q1 2025,WH-02,PRD-01,11,11,12,50,True,24.39
2025-01-13,Q1 2025,WH-02,PRD-01,10,11,5,56,True,27.32
2025-01-14,Q1 2025,WH-02,PRD-01,10,9,10,55,True,26.83
2025-01-15,Q1 2025,WH-02,PRD-01,7,9,7,57,True,27.8
2025-01-16,Q1 2025,WH-02,PRD-01,8,6,13,50,True,24.39
2025-01-17,Q1 2025,WH-02,PRD-01,11,8,14,44,True,21.46
2025-01-18,Q1 2025,WH-02,PRD-01,8,9,7,46,True,22.44
2025-01-19,Q1 2025,WH-02,PRD-01,10,15,7,54,True,26.34
2025-01-20,Q1 2025,WH-02,PRD-01,7,7,11,50,True,24.39
2025-01-21,Q1 2025,WH-02,PRD-01,11,12,8,54,True,26.34
2025-01-22,Q1 2025,WH-02,PRD-01,7,11,8,57,True,27.8
2025-01-23,Q1 2025,WH-02,PRD-01,10,10,9,58,True,28.29
2025-01-24,Q1 2025,WH-02,PRD-01,11,13,4,67,True,32.68
2025-01-25,Q1 2025,WH-02,PRD-01,8,10,9,68,True,33.17
2025-01-26,Q1 2025,WH-02,PRD-01,10,10,7,71,True,34.63
2025-01-27,Q1 2025,WH-02,PRD-01,10,9,7,73,True,35.61
2025-01-28,Q1 2025,WH-02,PRD-01,8,12,12,73,True,35.61
2025-01-29,Q1 2025,WH-02,PRD-01,7,12,5,80,False,39.02
2025-01-30,Q1 2025,WH-02,PRD-01,6,8,11,77,True,37.56
2025-01-31,Q1 2025,WH-02,PRD-01,10,6,8,75,True,36.59
2025-02-01,Q1 2025,WH-02,PRD-01,6,9,8,76,True,37.07
2025-02-02,Q1 2025,WH-02,PRD-01,10,7,11,72,True,35.12
2025-02-03,Q1 2025,WH-02,PRD-01,9,9,9,72,True,35.12
2025-02-04,Q1 2025,WH-02,PRD-01,11,12,10,74,True,36.1
2025-02-05,Q1 2025,WH-02,PRD-01,9,8,11,71,True,34.63
2025-02-06,Q1 2025,WH-02,PRD-01,9,9,8,72,True,35.12
2025-02-07,Q1 2025,WH-02,PRD-01,11,9,7,74,True,36.1
2025-02-08,Q1 2025,WH-02,PRD-01,10,11,6,79,False,38.54
2025-02-09,Q1 2025,WH-02,PRD-01,10,4,6,77,True,37.56
2025-02-10,Q1 2025,WH-02,PRD-01,10,8,16,69,True,33.66
2025-02-11,Q1 2025,WH-02,PRD-01,7,10,12,67,True,32.68
2025-02-12,Q1 2025,WH-02,PRD-01,11,12,5,74,True,36.1
2025-02-13,Q1 2025,WH-02,PRD-01,11,8,5,77,True,37.56
2025-02-14,Q1 2025,WH-02,PRD-01,7,5,10,72,True,35.12
2025-02-15,Q1 2025,WH-02,PRD-01,9,11,10,73,True,35.61
2025-02-16,Q1 2025,WH-02,PRD-01,9,8,10,71,True,34.63
2025-02-17,Q1 2025,WH-02,PRD-01,9,6,8,69,True,33.66
2025-02-18,Q1 2025,WH-02,PRD-01,10,8,8,69,True,33.66
2025-02-19,Q1 2025,WH-02,PRD-01,12,9,9,69,True,33.66
2025-02-20,Q1 2025,WH-02,PRD-01,11,8,9,68,True,33.17
2025-02-21,Q1 2025,WH-02,PRD-01,7,4,3,69,True,33.66
2025-02-22,Q1 2025,WH-02,PRD-01,11,11,8,72,True,35.12
2025-02-23,Q1 2025,WH-02,PRD-01,12,12,6,78,True,38.05
2025-02-24,Q1 2025,WH-02,PRD-01,10,11,9,80,False,39.02
2025-02-25,Q1 2025,WH-02,PRD-01,11,7,16,71,True,34.63
2025-02-26,Q1 2025,WH-02,PRD-01,13,9,10,70,True,34.15
2025-02-27,Q1 2025,WH-02,PRD-01,11,9,8,71,True,34.63
2025-02-28,Q1 2025,WH-02,PRD-01,10,11,11,71,True,34.63
2025-03-01,Q1 2025,WH-02,PRD-01,11,11,10,72,True,35.12
2025-03-02,Q1 2025,WH-02,PRD-01,10,7,10,69,True,33.66
2025-03-03,Q1 2025,WH-02,PRD-01,9,9,10,68,True,33.17
2025-03-04,Q1 2025,WH-02,PRD-01,9,10,14,64,True,31.22
2025-03-05,Q1 2025,WH-02,PRD-01,12,12,6,70,True,34.15
2025-03-06,Q1 2025,WH-02,PRD-01,8,11,10,71,True,34.63
2025-03-07,Q1 2025,WH-02,PRD-01,12,11,6,76,True,37.07
2025-03-08,Q1 2025,WH-02,PRD-01,10,9,10,75,True,36.59
2025-03-09,Q1 2025,WH-02,PRD-01,7,12,6,81,False,39.51
2025-03-10,Q1 2025,WH-02,PRD-01,10,10,8,83,False,40.49
2025-03-11,Q1 2025,WH-02,PRD-01,5,7,8,82,False,40.0
2025-03-12,Q1 2025,WH-02,PRD-01,11,12,11,83,False,40.49
2025-03-13,Q1 2025,WH-02,PRD-01,11,11,11,83,False,40.49
2025-03-14,Q1 2025,WH-02,PRD-01,8,8,5,86,False,41.95
2025-03-15,Q1 2025,WH-02,PRD-01,10,8,9,85,False,41.46
2025-03-16,Q1 2025,WH-02,PRD-01,13,10,7,88,False,42.93
2025-03-17,Q1 2025,WH-02,PRD-01,8,10,5,93,False,45.37
2025-03-18,Q1 2025,WH-02,PRD-01,7,10,8,95,False,46.34
2025-03-19,Q1 2025,WH-02,PRD-01,12,10,8,97,False,47.32
2025-03-20,Q1 2025,WH-02,PRD-01,13,13,15,95,False,46.34
2025-03-21,Q1 2025,WH-02,PRD-01,9,12,10,97,False,47.32
2025-03-22,Q1 2025,WH-02,PRD-01,11,10,5,102,False,49.76
2025-03-23,Q1 2025,WH-02,PRD-01,12,11,7,106,False,51.71
2025-03-24,Q1 2025,WH-02,PRD-01,8,7,11,102,False,49.76
2025-03-25,Q1 2025,WH-02,PRD-01,8,10,14,98,False,47.8
2025-03-26,Q1 2025,WH-02,PRD-01,12,13,4,107,False,52.2
2025-03-27,Q1 2025,WH-02,PRD-01,13,9,4,112,False,54.63
2025-03-28,Q1 2025,WH-02,PRD-01,10,7,13,106,False,51.71
2025-03-29,Q1 2025,WH-02,PRD-01,8,8,10,104,False,50.73
2025-03-30,Q1 2025,WH-02,PRD-01,13,7,6,105,False,51.22
2025-03-31,Q1 2025,WH-02,PRD-01,8,7,10,102,False,49.76
2025-01-01,Q1 2025,WH-03,PRD-03,904,1206,785,6583,True,37.03
2025-01-02,Q1 2025,WH-03,PRD-03,1063,904,965,6522,True,36.69
2025-01-03,Q1 2025,WH-03,PRD-03,956,1137,1284,6375,True,35.86
2025-01-04,Q1 2025,WH-03,PRD-03,1180,834,1100,6109,True,34.36
2025-01-05,Q1 2025,WH-03,PRD-03,803,527,984,5652,True,31.79
2025-01-06,Q1 2025,WH-03,PRD-03,1077,706,997,5361,True,30.16
2025-01-07,Q1 2025,WH-03,PRD-03,901,1277,887,5751,True,32.35
2025-01-08,Q1 2025,WH-03,PRD-03,925,855,1022,5584,True,31.41
2025-01-09,Q1 2025,WH-03,PRD-03,955,862,211,6235,True,35.07
2025-01-10,Q1 2025,WH-03,PRD-03,985,849,798,6286,True,35.36
2025-01-11,Q1 2025,WH-03,PRD-03,916,1355,939,6702,True,37.7
2025-01-12,Q1 2025,WH-03,PRD-03,978,1291,573,7420,True,41.74
2025-01-13,Q1 2025,WH-03,PRD-03,1233,1428,977,7871,False,44.28
2025-01-14,Q1 2025,WH-03,PRD-03,1122,882,822,7931,False,44.61
2025-01-15,Q1 2025,WH-03,PRD-03,1100,986,1336,7581,True,42.64
2025-01-16,Q1 2025,WH-03,PRD-03,852,570,1289,6862,True,38.6
2025-01-17,Q1 2025,WH-03,PRD-03,771,1257,753,7366,True,41.44
2025-01-18,Q1 2025,WH-03,PRD-03,1117,650,836,7180,True,40.39
2025-01-19,Q1 2025,WH-03,PRD-03,1102,968,856,7292,True,41.02
2025-01-20,Q1 2025,WH-03,PRD-03,1214,666,757,7201,True,40.51
2025-01-21,Q1 2025,WH-03,PRD-03,824,783,927,7057,True,39.7
2025-01-22,Q1 2025,WH-03,PRD-03,894,726,676,7107,True,39.98
2025-01-23,Q1 2025,WH-03,PRD-03,630,779,578,7308,True,41.11
2025-01-24,Q1 2025,WH-03,PRD-03,864,794,1039,7063,True,39.73
2025-01-25,Q1 2025,WH-03,PRD-03,1124,792,1041,6814,True,38.33
2025-01-26,Q1 2025,WH-03,PRD-03,850,1110,664,7260,True,40.84
2025-01-27,Q1 2025,WH-03,PRD-03,1058,665,1111,6814,True,38.33
2025-01-28,Q1 2025,WH-03,PRD-03,902,969,710,7073,True,39.79
2025-01-29,Q1 2025,WH-03,PRD-03,998,1198,942,7329,True,41.23
2025-01-30,Q1 2025,WH-03,PRD-03,722,800,1091,7038,True,39.59
2025-01-31,Q1 2025,WH-03,PRD-03,953,753,867,6924,True,38.95
2025-02-01,Q1 2025,WH-03,PRD-03,377,865,995,6794,True,38.22
2025-02-02,Q1 2025,WH-03,PRD-03,902,1189,740,7243,True,40.74
2025-02-03,Q1 2025,WH-03,PRD-03,632,963,824,7382,True,41.53
2025-02-04,Q1 2025,WH-03,PRD-03,1164,796,821,7357,True,41.38
2025-02-05,Q1 2025,WH-03,PRD-03,1083,1029,679,7707,False,43.35
2025-02-06,Q1 2025,WH-03,PRD-03,1025,665,829,7543,True,42.43
2025-02-07,Q1 2025,WH-03,PRD-03,1223,1075,469,8149,False,45.84
2025-02-08,Q1 2025,WH-03,PRD-03,760,1012,746,8415,False,47.34
2025-02-09,Q1 2025,WH-03,PRD-03,1265,848,801,8462,False,47.6
2025-02-10,Q1 2025,WH-03,PRD-03,1112,726,808,8380,False,47.14
2025-02-11,Q1 2025,WH-03,PRD-03,893,715,812,8283,False,46.59
2025-02-12,Q1 2025,WH-03,PRD-03,1150,1041,859,8465,False,47.62
2025-02-13,Q1 2025,WH-03,PRD-03,730,1200,1001,8664,False,48.74
2025-02-14,Q1 2025,WH-03,PRD-03,783,772,1105,8331,False,46.86
2025-02-15,Q1 2025,WH-03,PRD-03,823,1023,705,8649,False,48.65
2025-02-16,Q1 2025,WH-03,PRD-03,838,439,559,8529,False,47.98
2025-02-17,Q1 2025,WH-03,PRD-03,739,784,602,8711,False,49.0
2025-02-18,Q1 2025,WH-03,PRD-03,1167,911,747,8875,False,49.92
2025-02-19,Q1 2025,WH-03,PRD-03,889,709,783,8801,False,49.51
2025-02-20,Q1 2025,WH-03,PRD-03,1004,703,673,8831,False,49.68
2025-02-21,Q1 2025,WH-03,PRD-03,831,765,535,9061,False,50.97
2025-02-22,Q1 2025,WH-03,PRD-03,596,985,756,9290,False,52.26
2025-02-23,Q1 2025,WH-03,PRD-03,988,875,923,9242,False,51.99
2025-02-24,Q1 2025,WH-03,PRD-03,579,404,1032,8614,False,48.46
2025-02-25,Q1 2025,WH-03,PRD-03,925,431,729,8316,False,46.78
2025-02-26,Q1 2025,WH-03,PRD-03,681,779,767,8328,False,46.85
2025-02-27,Q1 2025,WH-03,PRD-03,1310,1023,632,8719,False,49.05
2025-02-28,Q1 2025,WH-03,PRD-03,1108,288,867,8140,False,45.79
2025-03-01,Q1 2025,WH-03,PRD-03,957,804,653,8291,False,46.64
2025-03-02,Q1 2025,WH-03,PRD-03,1174,797,1026,8062,False,45.35
2025-03-03,Q1 2025,WH-03,PRD-03,779,1237,406,8893,False,50.03
2025-03-04,Q1 2025,WH-03,PRD-03,1039,830,781,8942,False,50.3
2025-03-05,Q1 2025,WH-03,PRD-03,975,1006,954,8994,False,50.59
2025-03-06,Q1 2025,WH-03,PRD-03,987,951,924,9021,False,50.75
2025-03-07,Q1 2025,WH-03,PRD-03,1176,429,1583,7867,False,44.25
2025-03-08,Q1 2025,WH-03,PRD-03,1075,1095,967,7995,False,44.97
2025-03-09,Q1 2025,WH-03,PRD-03,992,968,612,8351,False,46.98
2025-03-10,Q1 2025,WH-03,PRD-03,627,1035,850,8536,False,48.02
2025-03-11,Q1 2025,WH-03,PRD-03,757,1820,409,9947,False,55.95
2025-03-12,Q1 2025,WH-03,PRD-03,914,440,854,9533,False,53.63
2025-03-13,Q1 2025,WH-03,PRD-03,955,1314,657,10190,False,57.32
2025-03-14,Q1 2025,WH-03,PRD-03,726,852,1116,9926,False,55.84
2025-03-15,Q1 2025,WH-03,PRD-03,1390,984,731,10179,False,57.26
2025-03-16,Q1 2025,WH-03,PRD-03,1222,908,845,10242,False,57.61
2025-03-17,Q1 2025,WH-03,PRD-03,1050,821,709,10354,False,58.24
2025-03-18,Q1 2025,WH-03,PRD-03,951,787,1332,9809,False,55.18
2025-03-19,Q1 2025,WH-03,PRD-03,898,994,791,10012,False,56.32
2025-03-20,Q1 2025,WH-03,PRD-03,759,570,1357,9225,False,51.89
2025-03-21,Q1 2025,WH-03,PRD-03,952,1091,1089,9227,False,51.9
2025-03-22,Q1 2025,WH-03,PRD-03,986,823,1002,9048,False,50.9
2025-03-23,Q1 2025,WH-03,PRD-03,705,659,972,8735,False,49.14
2025-03-24,Q1 2025,WH-03,PRD-03,1000,815,979,8571,False,48.21
2025-03-25,Q1 2025,WH-03,PRD-03,908,1207,369,9409,False,52.93
2025-03-26,Q1 2025,WH-03,PRD-03,580,795,802,9402,False,52.89
2025-03-27,Q1 2025,WH-03,PRD-03,776,1001,1097,9306,False,52.35
2025-03-28,Q1 2025,WH-03,PRD-03,860,750,863,9193,False,51.71
2025-03-29,Q1 2025,WH-03,PRD-03,1291,1092,506,9779,False,55.01
2025-03-30,Q1 2025,WH-03,PRD-03,1042,1076,862,9993,False,56.21
2025-03-31,Q1 2025,WH-03,PRD-03,687,1343,1323,10013,False,56.33
2025-04-01,Q2 2025,WH-01,PRD-01,18,21,19,120,True,29.27
2025-04-02,Q2 2025,WH-01,PRD-01,24,17,9,128,True,31.22
2025-04-03,Q2 2025,WH-01,PRD-01,16,21,22,127,True,30.98
2025-04-04,Q2 2025,WH-01,PRD-01,20,15,14,128,True,31.22
2025-04-05,Q2 2025,WH-01,PRD-01,25,22,16,134,True,32.68
2025-04-06,Q2 2025,WH-01,PRD-01,15,25,24,135,True,32.93
2025-04-07,Q2 2025,WH-01,PRD-01,12,23,10,148,False,36.1
2025-04-08,Q2 2025,WH-01,PRD-01,11,15,10,153,False,37.32
2025-04-09,Q2 2025,WH-01,PRD-01,20,20,14,159,False,38.78
2025-04-10,Q2 2025,WH-01,PRD-01,11,12,22,149,False,36.34
2025-04-11,Q2 2025,WH-01,PRD-01,16,20,9,160,False,39.02
2025-04-12,Q2 2025,WH-01,PRD-01,19,20,3,177,False,43.17
2025-04-13,Q2 2025,WH-01,PRD-01,18,10,15,172,False,41.95
2025-04-14,Q2 2025,WH-01,PRD-01,19,13,20,165,False,40.24
2025-04-15,Q2 2025,WH-01,PRD-01,18,17,23,159,False,38.78
2025-04-16,Q2 2025,WH-01,PRD-01,22,17,14,162,False,39.51
2025-04-17,Q2 2025,WH-01,PRD-01,14,13,15,160,False,39.02
2025-04-18,Q2 2025,WH-01,PRD-01,15,20,23,157,False,38.29
2025-04-19,Q2 2025,WH-01,PRD-01,15,19,7,169,False,41.22
2025-04-20,Q2 2025,WH-01,PRD-01,20,17,15,171,False,41.71
2025-04-21,Q2 2025,WH-01,PRD-01,20,15,18,168,False,40.98
2025-04-22,Q2 2025,WH-01,PRD-01,19,23,19,172,False,41.95
2025-04-23,Q2 2025,WH-01,PRD-01,21,25,14,183,False,44.63
2025-04-24,Q2 2025,WH-01,PRD-01,13,16,17,182,False,44.39
2025-04-25,Q2 2025,WH-01,PRD-01,23,15,4,193,False,47.07
2025-04-26,Q2 2025,WH-01,PRD-01,23,20,14,199,False,48.54
2025-04-27,Q2 2025,WH-01,PRD-01,20,16,19,196,False,47.8
2025-04-28,Q2 2025,WH-01,PRD-01,24,17,12,201,False,49.02
2025-04-29,Q2 2025,WH-01,PRD-01,12,21,17,205,False,50.0
2025-04-30,Q2 2025,WH-01,PRD-01,16,9,19,195,False,47.56
2025-05-01,Q2 2025,WH-01,PRD-01,15,24,15,204,False,49.76
2025-05-02,Q2 2025,WH-01,PRD-01,20,18,18,204,False,49.76
2025-05-03,Q2 2025,WH-01,PRD-01,14,16,12,208,False,50.73
2025-05-04,Q2 2025,WH-01,PRD-01,20,18,16,210,False,51.22
2025-05-05,Q2 2025,WH-01,PRD-01,22,18,20,208,False,50.73
2025-05-06,Q2 2025,WH-01,PRD-01,20,10,18,200,False,48.78
2025-05-07,Q2 2025,WH-01,PRD-01,18,25,14,211,False,51.46
2025-05-08,Q2 2025,WH-01,PRD-01,14,18,18,211,False,51.46
2025-05-09,Q2 2025,WH-01,PRD-01,14,20,20,211,False,51.46
2025-05-10,Q2 2025,WH-01,PRD-01,22,22,6,227,False,55.37
2025-05-11,Q2 2025,WH-01,PRD-01,20,13,23,217,False,52.93
2025-05-12,Q2 2025,WH-01,PRD-01,17,20,15,222,False,54.15
2025-05-13,Q2 2025,WH-01,PRD-01,16,17,19,220,False,53.66
2025-05-14,Q2 2025,WH-01,PRD-01,10,22,23,219,False,53.41
2025-05-15,Q2 2025,WH-01,PRD-01,14,8,10,217,False,52.93
2025-05-16,Q2 2025,WH-01,PRD-01,24,17,13,221,False,53.9
2025-05-17,Q2 2025,WH-01,PRD-01,13,15,15,221,False,53.9
2025-05-18,Q2 2025,WH-01,PRD-01,18,20,13,228,False,55.61
2025-05-19,Q2 2025,WH-01,PRD-01,21,20,26,222,False,54.15
2025-05-20,Q2 2025,WH-01,PRD-01,13,15,13,224,False,54.63
2025-05-21,Q2 2025,WH-01,PRD-01,18,15,14,225,False,54.88
2025-05-22,Q2 2025,WH-01,PRD-01,21,17,18,224,False,54.63
2025-05-23,Q2 2025,WH-01,PRD-01,17,14,11,227,False,55.37
2025-05-24,Q2 2025,WH-01,PRD-01,27,22,15,234,False,57.07
2025-05-25,Q2 2025,WH-01,PRD-01,12,16,18,232,False,56.59
2025-05-26,Q2 2025,WH-01,PRD-01,21,5,15,222,False,54.15
2025-05-27,Q2 2025,WH-01,PRD-01,17,16,16,222,False,54.15
2025-05-28,Q2 2025,WH-01,PRD-01,20,13,14,221,False,53.9
2025-05-29,Q2 2025,WH-01,PRD-01,19,11,9,223,False,54.39
2025-05-30,Q2 2025,WH-01,PRD-01,15,12,18,217,False,52.93
2025-05-31,Q2 2025,WH-01,PRD-01,18,18,26,209,False,50.98
2025-06-01,Q2 2025,WH-01,PRD-01,11,24,17,216,False,52.68
2025-06-02,Q2 2025,WH-01,PRD-01,19,19,18,217,False,52.93
2025-06-03,Q2 2025,WH-01,PRD-01,18,15,20,212,False,51.71
2025-06-04,Q2 2025,WH-01,PRD-01,20,20,10,222,False,54.15
2025-06-05,Q2 2025,WH-01,PRD-01,21,16,25,213,False,51.95
2025-06-06,Q2 2025,WH-01,PRD-01,19,15,18,210,False,51.22
2025-06-07,Q2 2025,WH-01,PRD-01,18,13,25,198,False,48.29
2025-06-08,Q2 2025,WH-01,PRD-01,14,10,13,195,False,47.56
2025-06-09,Q2 2025,WH-01,PRD-01,15,16,26,185,False,45.12
2025-06-10,Q2 2025,WH-01,PRD-01,21,19,21,183,False,44.63
2025-06-11,Q2 2025,WH-01,PRD-01,22,17,20,180,False,43.9
2025-06-12,Q2 2025,WH-01,PRD-01,17,16,18,178,False,43.41
2025-06-13,Q2 2025,WH-01,PRD-01,17,14,16,176,False,42.93
2025-06-14,Q2 2025,WH-01,PRD-01,14,21,23,174,False,42.44
2025-06-15,Q2 2025,WH-01,PRD-01,21,12,18,168,False,40.98
2025-06-16,Q2 2025,WH-01,PRD-01,20,21,7,182,False,44.39
2025-06-17,Q2 2025,WH-01,PRD-01,24,13,11,184,False,44.88
2025-06-18,Q2 2025,WH-01,PRD-01,14,15,16,183,False,44.63
2025-06-19,Q2 2025,WH-01,PRD-01,16,11,18,176,False,42.93
2025-06-20,Q2 2025,WH-01,PRD-01,18,16,17,175,False,42.68
2025-06-21,Q2 2025,WH-01,PRD-01,20,22,23,174,False,42.44
2025-06-22,Q2 2025,WH-01,PRD-01,17,20,7,187,False,45.61
2025-06-23,Q2 2025,WH-01,PRD-01,14,22,18,191,False,46.59
2025-06-24,Q2 2025,WH-01,PRD-01,20,20,8,203,False,49.51
2025-06-25,Q2 2025,WH-01,PRD-01,20,13,21,195,False,47.56
2025-06-26,Q2 2025,WH-01,PRD-01,14,16,16,195,False,47.56
2025-06-27,Q2 2025,WH-01,PRD-01,22,14,19,190,False,46.34
2025-06-28,Q2 2025,WH-01,PRD-01,21,24,12,202,False,49.27
2025-06-29,Q2 2025,WH-01,PRD-01,18,13,23,192,False,46.83
2025-06-30,Q2 2025,WH-01,PRD-01,18,22,22,192,False,46.83
2025-04-01,Q2 2025,WH-02,PRD-01,11,9,9,58,True,28.29
2025-04-02,Q2 2025,WH-02,PRD-01,9,6,6,58,True,28.29
2025-04-03,Q2 2025,WH-02,PRD-01,11,11,8,61,True,29.76
2025-04-04,Q2 2025,WH-02,PRD-01,9,12,3,70,True,34.15
2025-04-05,Q2 2025,WH-02,PRD-01,6,5,10,65,True,31.71
2025-04-06,Q2 2025,WH-02,PRD-01,8,6,4,67,True,32.68
2025-04-07,Q2 2025,WH-02,PRD-01,9,8,12,63,True,30.73
2025-04-08,Q2 2025,WH-02,PRD-01,8,6,7,62,True,30.24
2025-04-09,Q2 2025,WH-02,PRD-01,8,9,8,63,True,30.73
2025-04-10,Q2 2025,WH-02,PRD-01,9,7,7,63,True,30.73
2025-04-11,Q2 2025,WH-02,PRD-01,9,13,7,69,True,33.66
2025-04-12,Q2 2025,WH-02,PRD-01,9,11,12,68,True,33.17
2025-04-13,Q2 2025,WH-02,PRD-01,7,9,2,75,False,36.59
2025-04-14,Q2 2025,WH-02,PRD-01,8,10,11,74,False,36.1
2025-04-15,Q2 2025,WH-02,PRD-01,7,11,9,76,False,37.07
2025-04-16,Q2 2025,WH-02,PRD-01,11,7,5,78,False,38.05
2025-04-17,Q2 2025,WH-02,PRD-01,5,7,5,80,False,39.02
2025-04-18,Q2 2025,WH-02,PRD-01,11,8,12,76,False,37.07
2025-04-19,Q2 2025,WH-02,PRD-01,11,10,6,80,False,39.02
2025-04-20,Q2 2025,WH-02,PRD-01,8,9,5,84,False,40.98
2025-04-21,Q2 2025,WH-02,PRD-01,4,5,11,78,False,38.05
2025-04-22,Q2 2025,WH-02,PRD-01,8,7,9,76,False,37.07
2025-04-23,Q2 2025,WH-02,PRD-01,9,8,6,78,False,38.05
2025-04-24,Q2 2025,WH-02,PRD-01,7,8,9,77,False,37.56
2025-04-25,Q2 2025,WH-02,PRD-01,8,12,6,83,False,40.49
2025-04-26,Q2 2025,WH-02,PRD-01,12,5,11,77,False,37.56
2025-04-27,Q2 2025,WH-02,PRD-01,10,9,11,75,False,36.59
2025-04-28,Q2 2025,WH-02,PRD-01,7,11,9,77,False,37.56
2025-04-29,Q2 2025,WH-02,PRD-01,6,13,9,81,False,39.51
2025-04-30,Q2 2025,WH-02,PRD-01,8,7,12,76,False,37.07
2025-05-01,Q2 2025,WH-02,PRD-01,8,9,8,77,False,37.56
2025-05-02,Q2 2025,WH-02,PRD-01,10,9,5,81,False,39.51
2025-05-03,Q2 2025,WH-02,PRD-01,8,9,9,81,False,39.51
2025-05-04,Q2 2025,WH-02,PRD-01,10,8,13,76,False,37.07
2025-05-05,Q2 2025,WH-02,PRD-01,12,9,6,79,False,38.54
2025-05-06,Q2 2025,WH-02,PRD-01,10,3,7,75,False,36.59
2025-05-07,Q2 2025,WH-02,PRD-01,9,10,9,76,False,37.07
2025-05-08,Q2 2025,WH-02,PRD-01,9,8,8,76,False,37.07
2025-05-09,Q2 2025,WH-02,PRD-01,8,8,6,78,False,38.05
2025-05-10,Q2 2025,WH-02,PRD-01,11,12,11,79,False,38.54
2025-05-11,Q2 2025,WH-02,PRD-01,8,7,14,72,True,35.12
2025-05-12,Q2 2025,WH-02,PRD-01,9,7,9,70,True,34.15
2025-05-13,Q2 2025,WH-02,PRD-01,9,12,6,76,False,37.07
2025-05-14,Q2 2025,WH-02,PRD-01,8,7,4,79,False,38.54
2025-05-15,Q2 2025,WH-02,PRD-01,6,7,9,77,False,37.56
2025-05-16,Q2 2025,WH-02,PRD-01,9,8,11,74,False,36.1
2025-05-17,Q2 2025,WH-02,PRD-01,9,10,9,75,False,36.59
2025-05-18,Q2 2025,WH-02,PRD-01,10,9,8,76,False,37.07
2025-05-19,Q2 2025,WH-02,PRD-01,8,6,7,75,False,36.59
2025-05-20,Q2 2025,WH-02,PRD-01,11,7,5,77,False,37.56
2025-05-21,Q2 2025,WH-02,PRD-01,7,7,10,74,False,36.1
2025-05-22,Q2 2025,WH-02,PRD-01,12,8,10,72,True,35.12
2025-05-23,Q2 2025,WH-02,PRD-01,6,9,4,77,False,37.56
2025-05-24,Q2 2025,WH-02,PRD-01,10,9,12,74,False,36.1
2025-05-25,Q2 2025,WH-02,PRD-01,10,5,9,70,True,34.15
2025-05-26,Q2 2025,WH-02,PRD-01,7,10,11,69,True,33.66
2025-05-27,Q2 2025,WH-02,PRD-01,10,9,5,73,False,35.61
2025-05-28,Q2 2025,WH-02,PRD-01,11,11,5,79,False,38.54
2025-05-29,Q2 2025,WH-02,PRD-01,5,9,8,80,False,39.02
2025-05-30,Q2 2025,WH-02,PRD-01,10,10,9,81,False,39.51
2025-05-31,Q2 2025,WH-02,PRD-01,4,9,12,78,False,38.05
2025-06-01,Q2 2025,WH-02,PRD-01,7,11,10,79,False,38.54
2025-06-02,Q2 2025,WH-02,PRD-01,12,9,7,81,False,39.51
2025-06-03,Q2 2025,WH-02,PRD-01,8,8,6,83,False,40.49
2025-06-04,Q2 2025,WH-02,PRD-01,7,13,11,85,False,41.46
2025-06-05,Q2 2025,WH-02,PRD-01,9,10,6,89,False,43.41
2025-06-06,Q2 2025,WH-02,PRD-01,13,9,12,86,False,41.95
2025-06-07,Q2 2025,WH-02,PRD-01,6,6,7,85,False,41.46
2025-06-08,Q2 2025,WH-02,PRD-01,7,6,12,79,False,38.54
2025-06-09,Q2 2025,WH-02,PRD-01,12,9,10,78,False,38.05
2025-06-10,Q2 2025,WH-02,PRD-01,12,9,8,79,False,38.54
2025-06-11,Q2 2025,WH-02,PRD-01,9,7,7,79,False,38.54
2025-06-12,Q2 2025,WH-02,PRD-01,7,9,7,81,False,39.51
2025-06-13,Q2 2025,WH-02,PRD-01,13,11,9,83,False,40.49
2025-06-14,Q2 2025,WH-02,PRD-01,12,10,8,85,False,41.46
2025-06-15,Q2 2025,WH-02,PRD-01,10,6,7,84,False,40.98
2025-06-16,Q2 2025,WH-02,PRD-01,7,8,8,84,False,40.98
2025-06-17,Q2 2025,WH-02,PRD-01,9,7,8,83,False,40.49
2025-06-18,Q2 2025,WH-02,PRD-01,9,7,3,87,False,42.44
2025-06-19,Q2 2025,WH-02,PRD-01,9,7,9,85,False,41.46
2025-06-20,Q2 2025,WH-02,PRD-01,11,7,6,86,False,41.95
2025-06-21,Q2 2025,WH-02,PRD-01,10,6,5,87,False,42.44
2025-06-22,Q2 2025,WH-02,PRD-01,7,8,4,91,False,44.39
2025-06-23,Q2 2025,WH-02,PRD-01,11,7,4,94,False,45.85
2025-06-24,Q2 2025,WH-02,PRD-01,9,2,5,91,False,44.39
2025-06-25,Q2 2025,WH-02,PRD-01,10,12,6,97,False,47.32
2025-06-26,Q2 2025,WH-02,PRD-01,11,10,13,94,False,45.85
2025-06-27,Q2 2025,WH-02,PRD-01,7,7,7,94,False,45.85
2025-06-28,Q2 2025,WH-02,PRD-01,9,8,9,93,False,45.37
2025-06-29,Q2 2025,WH-02,PRD-01,8,6,9,90,False,43.9
2025-06-30,Q2 2025,WH-02,PRD-01,6,12,8,94,False,45.85
2025-04-01,Q2 2025,WH-03,PRD-03,1057,788,852,5624,True,31.64
2025-04-02,Q2 2025,WH-03,PRD-03,891,634,1353,4905,True,27.59
2025-04-03,Q2 2025,WH-03,PRD-03,830,574,346,5133,True,28.87
2025-04-04,Q2 2025,WH-03,PRD-03,884,847,764,5216,True,29.34
2025-04-05,Q2 2025,WH-03,PRD-03,846,838,920,5134,True,28.88
2025-04-06,Q2 2025,WH-03,PRD-03,667,952,800,5286,True,29.74
2025-04-07,Q2 2025,WH-03,PRD-03,783,710,745,5251,True,29.54
2025-04-08,Q2 2025,WH-03,PRD-03,1009,877,471,5657,True,31.82
2025-04-09,Q2 2025,WH-03,PRD-03,972,905,825,5737,True,32.27
2025-04-10,Q2 2025,WH-03,PRD-03,944,884,596,6025,True,33.89
2025-04-11,Q2 2025,WH-03,PRD-03,732,632,265,6392,True,35.96
2025-04-12,Q2 2025,WH-03,PRD-03,880,826,1048,6170,True,34.71
2025-04-13,Q2 2025,WH-03,PRD-03,516,868,993,6045,True,34.0
2025-04-14,Q2 2025,WH-03,PRD-03,946,797,783,6059,True,34.08
2025-04-15,Q2 2025,WH-03,PRD-03,1175,381,825,5615,True,31.59
2025-04-16,Q2 2025,WH-03,PRD-03,644,828,1020,5423,True,30.51
2025-04-17,Q2 2025,WH-03,PRD-03,806,1236,823,5836,True,32.83
2025-04-18,Q2 2025,WH-03,PRD-03,974,724,981,5579,True,31.38
2025-04-19,Q2 2025,WH-03,PRD-03,1142,651,703,5527,True,31.09
2025-04-20,Q2 2025,WH-03,PRD-03,832,870,1075,5322,True,29.94
2025-04-21,Q2 2025,WH-03,PRD-03,787,858,846,5334,True,30.01
2025-04-22,Q2 2025,WH-03,PRD-03,554,1033,816,5551,True,31.23
2025-04-23,Q2 2025,WH-03,PRD-03,932,546,478,5619,True,31.61
2025-04-24,Q2 2025,WH-03,PRD-03,1287,941,838,5722,True,32.19
2025-04-25,Q2 2025,WH-03,PRD-03,964,913,579,6056,True,34.07
2025-04-26,Q2 2025,WH-03,PRD-03,909,768,624,6200,True,34.88
2025-04-27,Q2 2025,WH-03,PRD-03,972,863,583,6480,True,36.45
2025-04-28,Q2 2025,WH-03,PRD-03,911,1001,525,6956,True,39.13
2025-04-29,Q2 2025,WH-03,PRD-03,765,969,1263,6662,True,37.48
2025-04-30,Q2 2025,WH-03,PRD-03,1064,568,1080,6150,True,34.6
2025-05-01,Q2 2025,WH-03,PRD-03,955,959,1216,5893,True,33.15
2025-05-02,Q2 2025,WH-03,PRD-03,917,783,488,6188,True,34.81
2025-05-03,Q2 2025,WH-03,PRD-03,735,810,788,6210,True,34.93
2025-05-04,Q2 2025,WH-03,PRD-03,1152,810,472,6548,True,36.83
2025-05-05,Q2 2025,WH-03,PRD-03,1035,766,610,6704,True,37.71
2025-05-06,Q2 2025,WH-03,PRD-03,812,1033,559,7178,False,40.38
2025-05-07,Q2 2025,WH-03,PRD-03,1096,779,1058,6899,True,38.81
2025-05-08,Q2 2025,WH-03,PRD-03,823,573,680,6792,True,38.21
2025-05-09,Q2 2025,WH-03,PRD-03,771,718,1019,6491,True,36.51
2025-05-10,Q2 2025,WH-03,PRD-03,775,831,911,6411,True,36.06
2025-05-11,Q2 2025,WH-03,PRD-03,590,1040,1305,6146,True,34.57
2025-05-12,Q2 2025,WH-03,PRD-03,1000,916,429,6633,True,37.31
2025-05-13,Q2 2025,WH-03,PRD-03,579,627,1063,6197,True,34.86
2025-05-14,Q2 2025,WH-03,PRD-03,689,1290,1037,6450,True,36.28
2025-05-15,Q2 2025,WH-03,PRD-03,534,848,546,6752,True,37.98
2025-05-16,Q2 2025,WH-03,PRD-03,898,1050,1005,6797,True,38.23
2025-05-17,Q2 2025,WH-03,PRD-03,886,766,849,6714,True,37.77
2025-05-18,Q2 2025,WH-03,PRD-03,854,902,719,6897,True,38.8
2025-05-19,Q2 2025,WH-03,PRD-03,723,963,581,7279,False,40.95
2025-05-20,Q2 2025,WH-03,PRD-03,699,1038,605,7712,False,43.38
2025-05-21,Q2 2025,WH-03,PRD-03,998,1006,1246,7472,False,42.03
2025-05-22,Q2 2025,WH-03,PRD-03,813,969,772,7669,False,43.14
2025-05-23,Q2 2025,WH-03,PRD-03,971,733,953,7449,False,41.9
2025-05-24,Q2 2025,WH-03,PRD-03,752,682,588,7543,False,42.43
2025-05-25,Q2 2025,WH-03,PRD-03,947,862,591,7814,False,43.96
2025-05-26,Q2 2025,WH-03,PRD-03,1152,981,1022,7773,False,43.73
2025-05-27,Q2 2025,WH-03,PRD-03,1021,752,459,8066,False,45.37
2025-05-28,Q2 2025,WH-03,PRD-03,838,1008,675,8399,False,47.25
2025-05-29,Q2 2025,WH-03,PRD-03,960,1085,779,8705,False,48.97
2025-05-30,Q2 2025,WH-03,PRD-03,870,614,797,8522,False,47.94
2025-05-31,Q2 2025,WH-03,PRD-03,915,629,730,8421,False,47.37
2025-06-01,Q2 2025,WH-03,PRD-03,854,768,863,8326,False,46.84
2025-06-02,Q2 2025,WH-03,PRD-03,883,857,932,8251,False,46.41
2025-06-03,Q2 2025,WH-03,PRD-03,952,691,942,8000,False,45.0
2025-06-04,Q2 2025,WH-03,PRD-03,732,1065,543,8522,False,47.94
2025-06-05,Q2 2025,WH-03,PRD-03,728,880,706,8696,False,48.92
2025-06-06,Q2 2025,WH-03,PRD-03,660,804,1048,8452,False,47.54
2025-06-07,Q2 2025,WH-03,PRD-03,621,510,979,7983,False,44.91
2025-06-08,Q2 2025,WH-03,PRD-03,691,534,454,8063,False,45.36
2025-06-09,Q2 2025,WH-03,PRD-03,943,852,853,8062,False,45.35
2025-06-10,Q2 2025,WH-03,PRD-03,750,372,314,8120,False,45.68
2025-06-11,Q2 2025,WH-03,PRD-03,1007,997,782,8335,False,46.89
2025-06-12,Q2 2025,WH-03,PRD-03,920,764,1211,7888,False,44.37
2025-06-13,Q2 2025,WH-03,PRD-03,554,1441,552,8777,False,49.37
2025-06-14,Q2 2025,WH-03,PRD-03,1033,1255,578,9454,False,53.18
2025-06-15,Q2 2025,WH-03,PRD-03,1062,760,948,9266,False,52.12
2025-06-16,Q2 2025,WH-03,PRD-03,732,775,414,9627,False,54.15
2025-06-17,Q2 2025,WH-03,PRD-03,990,994,625,9996,False,56.23
2025-06-18,Q2 2025,WH-03,PRD-03,757,1135,910,10221,False,57.5
2025-06-19,Q2 2025,WH-03,PRD-03,931,470,625,10066,False,56.62
2025-06-20,Q2 2025,WH-03,PRD-03,682,440,717,9789,False,55.07
2025-06-21,Q2 2025,WH-03,PRD-03,586,672,944,9517,False,53.54
2025-06-22,Q2 2025,WH-03,PRD-03,844,912,869,9560,False,53.78
2025-06-23,Q2 2025,WH-03,PRD-03,891,895,833,9622,False,54.13
2025-06-24,Q2 2025,WH-03,PRD-03,841,1009,693,9938,False,55.9
2025-06-25,Q2 2025,WH-03,PRD-03,697,557,857,9638,False,54.22
2025-06-26,Q2 2025,WH-03,PRD-03,840,335,743,9230,False,51.92
2025-06-27,Q2 2025,WH-03,PRD-03,963,967,877,9320,False,52.43
2025-06-28,Q2 2025,WH-03,PRD-03,905,631,656,9295,False,52.29
2025-06-29,Q2 2025,WH-03,PRD-03,947,394,729,8960,False,50.4
2025-06-30,Q2 2025,WH-03,PRD-03,791,825,542,9243,False,51.99
2025-07-01,Q3 2025,WH-01,PRD-01,25,19,30,143,True,34.88
2025-07-02,Q3 2025,WH-01,PRD-01,24,27,14,156,True,38.05
2025-07-03,Q3 2025,WH-01,PRD-01,17,22,25,153,True,37.32
2025-07-04,Q3 2025,WH-01,PRD-01,19,32,29,156,True,38.05
2025-07-05,Q3 2025,WH-01,PRD-01,24,23,25,154,True,37.56
2025-07-06,Q3 2025,WH-01,PRD-01,23,20,20,154,True,37.56
2025-07-07,Q3 2025,WH-01,PRD-01,21,13,18,149,True,36.34
2025-07-08,Q3 2025,WH-01,PRD-01,21,20,28,141,True,34.39
2025-07-09,Q3 2025,WH-01,PRD-01,27,20,12,149,True,36.34
2025-07-10,Q3 2025,WH-01,PRD-01,21,27,15,161,True,39.27
2025-07-11,Q3 2025,WH-01,PRD-01,23,24,19,166,True,40.49
2025-07-12,Q3 2025,WH-01,PRD-01,34,15,30,151,True,36.83
2025-07-13,Q3 2025,WH-01,PRD-01,17,23,24,150,True,36.59
2025-07-14,Q3 2025,WH-01,PRD-01,15,26,15,161,True,39.27
2025-07-15,Q3 2025,WH-01,PRD-01,27,30,20,171,True,41.71
2025-07-16,Q3 2025,WH-01,PRD-01,20,27,18,180,True,43.9
2025-07-17,Q3 2025,WH-01,PRD-01,22,26,17,189,True,46.1
2025-07-18,Q3 2025,WH-01,PRD-01,20,22,28,183,True,44.63
2025-07-19,Q3 2025,WH-01,PRD-01,22,24,13,194,False,47.32
2025-07-20,Q3 2025,WH-01,PRD-01,31,29,32,191,True,46.59
2025-07-21,Q3 2025,WH-01,PRD-01,27,15,27,179,True,43.66
2025-07-22,Q3 2025,WH-01,PRD-01,27,20,29,170,True,41.46
2025-07-23,Q3 2025,WH-01,PRD-01,17,18,19,169,True,41.22
2025-07-24,Q3 2025,WH-01,PRD-01,18,24,21,172,True,41.95
2025-07-25,Q3 2025,WH-01,PRD-01,10,29,12,189,True,46.1
2025-07-26,Q3 2025,WH-01,PRD-01,20,19,18,190,True,46.34
2025-07-27,Q3 2025,WH-01,PRD-01,28,9,25,174,True,42.44
2025-07-28,Q3 2025,WH-01,PRD-01,26,20,30,164,True,40.0
2025-07-29,Q3 2025,WH-01,PRD-01,22,27,14,177,True,43.17
2025-07-30,Q3 2025,WH-01,PRD-01,23,25,19,183,True,44.63
2025-07-31,Q3 2025,WH-01,PRD-01,20,24,21,186,True,45.37
2025-08-01,Q3 2025,WH-01,PRD-01,24,20,13,193,False,47.07
2025-08-02,Q3 2025,WH-01,PRD-01,27,15,25,183,True,44.63
2025-08-03,Q3 2025,WH-01,PRD-01,16,25,17,191,True,46.59
2025-08-04,Q3 2025,WH-01,PRD-01,25,17,20,188,True,45.85
2025-08-05,Q3 2025,WH-01,PRD-01,28,34,19,203,False,49.51
2025-08-06,Q3 2025,WH-01,PRD-01,21,25,16,212,False,51.71
2025-08-07,Q3 2025,WH-01,PRD-01,27,19,22,209,False,50.98
2025-08-08,Q3 2025,WH-01,PRD-01,37,19,20,208,False,50.73
2025-08-09,Q3 2025,WH-01,PRD-01,23,21,19,210,False,51.22
2025-08-10,Q3 2025,WH-01,PRD-01,25,21,17,214,False,52.2
2025-08-11,Q3 2025,WH-01,PRD-01,20,28,24,218,False,53.17
2025-08-12,Q3 2025,WH-01,PRD-01,24,23,32,209,False,50.98
2025-08-13,Q3 2025,WH-01,PRD-01,26,18,22,205,False,50.0
2025-08-14,Q3 2025,WH-01,PRD-01,24,32,28,209,False,50.98
2025-08-15,Q3 2025,WH-01,PRD-01,19,22,13,218,False,53.17
2025-08-16,Q3 2025,WH-01,PRD-01,24,26,23,221,False,53.9
2025-08-17,Q3 2025,WH-01,PRD-01,30,19,14,226,False,55.12
2025-08-18,Q3 2025,WH-01,PRD-01,26,24,12,238,False,58.05
2025-08-19,Q3 2025,WH-01,PRD-01,28,24,17,245,False,59.76
2025-08-20,Q3 2025,WH-01,PRD-01,22,12,29,228,False,55.61
2025-08-21,Q3 2025,WH-01,PRD-01,27,33,28,233,False,56.83
2025-08-22,Q3 2025,WH-01,PRD-01,25,29,23,239,False,58.29
2025-08-23,Q3 2025,WH-01,PRD-01,19,20,12,247,False,60.24
2025-08-24,Q3 2025,WH-01,PRD-01,25,16,20,243,False,59.27
2025-08-25,Q3 2025,WH-01,PRD-01,19,24,24,243,False,59.27
2025-08-26,Q3 2025,WH-01,PRD-01,20,22,23,242,False,59.02
2025-08-27,Q3 2025,WH-01,PRD-01,24,24,10,256,False,62.44
2025-08-28,Q3 2025,WH-01,PRD-01,25,23,16,263,False,64.15
2025-08-29,Q3 2025,WH-01,PRD-01,18,25,21,267,False,65.12
2025-08-30,Q3 2025,WH-01,PRD-01,28,30,25,272,False,66.34
2025-08-31,Q3 2025,WH-01,PRD-01,26,25,7,290,False,70.73
2025-09-01,Q3 2025,WH-01,PRD-01,20,16,21,285,False,69.51
2025-09-02,Q3 2025,WH-01,PRD-01,16,29,23,291,False,70.98
2025-09-03,Q3 2025,WH-01,PRD-01,23,31,27,295,False,71.95
2025-09-04,Q3 2025,WH-01,PRD-01,21,39,26,308,False,75.12
2025-09-05,Q3 2025,WH-01,PRD-01,24,16,25,299,False,72.93
2025-09-06,Q3 2025,WH-01,PRD-01,22,23,16,306,False,74.63
2025-09-07,Q3 2025,WH-01,PRD-01,14,10,9,307,False,74.88
2025-09-08,Q3 2025,WH-01,PRD-01,22,25,19,313,False,76.34
2025-09-09,Q3 2025,WH-01,PRD-01,22,19,28,304,False,74.15
2025-09-10,Q3 2025,WH-01,PRD-01,26,32,31,305,False,74.39
2025-09-11,Q3 2025,WH-01,PRD-01,20,18,26,297,False,72.44
2025-09-12,Q3 2025,WH-01,PRD-01,31,13,24,286,False,69.76
2025-09-13,Q3 2025,WH-01,PRD-01,14,19,24,281,False,68.54
2025-09-14,Q3 2025,WH-01,PRD-01,30,11,18,274,False,66.83
2025-09-15,Q3 2025,WH-01,PRD-01,22,26,21,279,False,68.05
2025-09-16,Q3 2025,WH-01,PRD-01,27,11,32,258,False,62.93
2025-09-17,Q3 2025,WH-01,PRD-01,24,22,15,265,False,64.63
2025-09-18,Q3 2025,WH-01,PRD-01,29,11,32,244,False,59.51
2025-09-19,Q3 2025,WH-01,PRD-01,22,20,20,244,False,59.51
2025-09-20,Q3 2025,WH-01,PRD-01,18,31,30,245,False,59.76
2025-09-21,Q3 2025,WH-01,PRD-01,30,24,12,257,False,62.68
2025-09-22,Q3 2025,WH-01,PRD-01,23,17,25,249,False,60.73
2025-09-23,Q3 2025,WH-01,PRD-01,24,22,17,254,False,61.95
2025-09-24,Q3 2025,WH-01,PRD-01,29,22,12,264,False,64.39
2025-09-25,Q3 2025,WH-01,PRD-01,19,24,23,265,False,64.63
2025-09-26,Q3 2025,WH-01,PRD-01,26,14,28,251,False,61.22
2025-09-27,Q3 2025,WH-01,PRD-01,21,25,16,260,False,63.41
2025-09-28,Q3 2025,WH-01,PRD-01,23,7,12,255,False,62.2
2025-09-29,Q3 2025,WH-01,PRD-01,24,18,21,252,False,61.46
2025-09-30,Q3 2025,WH-01,PRD-01,16,19,21,250,False,60.98
2025-07-01,Q3 2025,WH-02,PRD-01,15,3,11,68,True,33.17
2025-07-02,Q3 2025,WH-02,PRD-01,11,5,14,59,True,28.78
2025-07-03,Q3 2025,WH-02,PRD-01,12,10,13,56,True,27.32
2025-07-04,Q3 2025,WH-02,PRD-01,15,15,10,61,True,29.76
2025-07-05,Q3 2025,WH-02,PRD-01,13,7,11,57,True,27.8
2025-07-06,Q3 2025,WH-02,PRD-01,13,3,9,51,True,24.88
2025-07-07,Q3 2025,WH-02,PRD-01,11,13,14,50,True,24.39
2025-07-08,Q3 2025,WH-02,PRD-01,8,12,10,52,True,25.37
2025-07-09,Q3 2025,WH-02,PRD-01,11,8,11,49,True,23.9
2025-07-10,Q3 2025,WH-02,PRD-01,15,9,14,44,True,21.46
2025-07-11,Q3 2025,WH-02,PRD-01,8,9,8,45,True,21.95
2025-07-12,Q3 2025,WH-02,PRD-01,9,12,15,42,True,20.49
2025-07-13,Q3 2025,WH-02,PRD-01,12,10,6,46,True,22.44
2025-07-14,Q3 2025,WH-02,PRD-01,9,13,15,44,True,21.46
2025-07-15,Q3 2025,WH-02,PRD-01,10,3,9,38,True,18.54
2025-07-16,Q3 2025,WH-02,PRD-01,11,9,9,38,True,18.54
2025-07-17,Q3 2025,WH-02,PRD-01,9,8,4,42,True,20.49
2025-07-18,Q3 2025,WH-02,PRD-01,9,11,9,44,True,21.46
2025-07-19,Q3 2025,WH-02,PRD-01,13,10,7,47,True,22.93
2025-07-20,Q3 2025,WH-02,PRD-01,9,14,8,53,True,25.85
2025-07-21,Q3 2025,WH-02,PRD-01,8,6,10,49,True,23.9
2025-07-22,Q3 2025,WH-02,PRD-01,10,12,13,48,True,23.41
2025-07-23,Q3 2025,WH-02,PRD-01,13,13,11,50,True,24.39
2025-07-24,Q3 2025,WH-02,PRD-01,11,17,11,56,True,27.32
2025-07-25,Q3 2025,WH-02,PRD-01,11,10,7,59,True,28.78
2025-07-26,Q3 2025,WH-02,PRD-01,12,12,8,63,True,30.73
2025-07-27,Q3 2025,WH-02,PRD-01,8,6,16,53,True,25.85
2025-07-28,Q3 2025,WH-02,PRD-01,13,5,8,50,True,24.39
2025-07-29,Q3 2025,WH-02,PRD-01,13,14,15,49,True,23.9
2025-07-30,Q3 2025,WH-02,PRD-01,11,11,9,51,True,24.88
2025-07-31,Q3 2025,WH-02,PRD-01,14,15,10,56,True,27.32
2025-08-01,Q3 2025,WH-02,PRD-01,9,8,14,50,True,24.39
2025-08-02,Q3 2025,WH-02,PRD-01,14,13,14,49,True,23.9
2025-08-03,Q3 2025,WH-02,PRD-01,12,17,10,56,True,27.32
2025-08-04,Q3 2025,WH-02,PRD-01,11,13,9,60,True,29.27
2025-08-05,Q3 2025,WH-02,PRD-01,12,12,10,62,True,30.24
2025-08-06,Q3 2025,WH-02,PRD-01,11,11,11,62,True,30.24
2025-08-07,Q3 2025,WH-02,PRD-01,15,7,13,56,True,27.32
2025-08-08,Q3 2025,WH-02,PRD-01,9,15,10,61,True,29.76
2025-08-09,Q3 2025,WH-02,PRD-01,10,10,12,59,True,28.78
2025-08-10,Q3 2025,WH-02,PRD-01,14,13,15,57,True,27.8
2025-08-11,Q3 2025,WH-02,PRD-01,10,7,11,53,True,25.85
2025-08-12,Q3 2025,WH-02,PRD-01,14,8,11,50,True,24.39
2025-08-13,Q3 2025,WH-02,PRD-01,16,16,6,60,True,29.27
2025-08-14,Q3 2025,WH-02,PRD-01,11,10,2,68,True,33.17
2025-08-15,Q3 2025,WH-02,PRD-01,13,16,11,73,True,35.61
2025-08-16,Q3 2025,WH-02,PRD-01,9,11,10,74,True,36.1
2025-08-17,Q3 2025,WH-02,PRD-01,13,6,9,71,True,34.63
2025-08-18,Q3 2025,WH-02,PRD-01,12,14,11,74,True,36.1
2025-08-19,Q3 2025,WH-02,PRD-01,13,10,10,74,True,36.1
2025-08-20,Q3 2025,WH-02,PRD-01,10,13,14,73,True,35.61
2025-08-21,Q3 2025,WH-02,PRD-01,8,12,11,74,True,36.1
2025-08-22,Q3 2025,WH-02,PRD-01,13,7,8,73,True,35.61
2025-08-23,Q3 2025,WH-02,PRD-01,7,12,13,72,True,35.12
2025-08-24,Q3 2025,WH-02,PRD-01,11,18,10,80,True,39.02
2025-08-25,Q3 2025,WH-02,PRD-01,14,13,12,81,True,39.51
2025-08-26,Q3 2025,WH-02,PRD-01,12,11,9,83,True,40.49
2025-08-27,Q3 2025,WH-02,PRD-01,16,15,8,90,True,43.9
2025-08-28,Q3 2025,WH-02,PRD-01,14,12,10,92,True,44.88
2025-08-29,Q3 2025,WH-02,PRD-01,10,12,10,94,True,45.85
2025-08-30,Q3 2025,WH-02,PRD-01,12,8,12,90,True,43.9
2025-08-31,Q3 2025,WH-02,PRD-01,12,12,9,93,True,45.37
2025-09-01,Q3 2025,WH-02,PRD-01,8,14,5,102,False,49.76
2025-09-02,Q3 2025,WH-02,PRD-01,10,9,9,102,False,49.76
2025-09-03,Q3 2025,WH-02,PRD-01,10,16,13,105,False,51.22
2025-09-04,Q3 2025,WH-02,PRD-01,7,11,9,107,False,52.2
2025-09-05,Q3 2025,WH-02,PRD-01,12,9,9,107,False,52.2
2025-09-06,Q3 2025,WH-02,PRD-01,11,14,13,108,False,52.68
2025-09-07,Q3 2025,WH-02,PRD-01,8,11,8,111,False,54.15
2025-09-08,Q3 2025,WH-02,PRD-01,13,14,6,119,False,58.05
2025-09-09,Q3 2025,WH-02,PRD-01,13,11,10,120,False,58.54
2025-09-10,Q3 2025,WH-02,PRD-01,12,11,9,122,False,59.51
2025-09-11,Q3 2025,WH-02,PRD-01,11,13,7,128,False,62.44
2025-09-12,Q3 2025,WH-02,PRD-01,13,12,10,130,False,63.41
2025-09-13,Q3 2025,WH-02,PRD-01,13,6,12,124,False,60.49
2025-09-14,Q3 2025,WH-02,PRD-01,12,8,10,122,False,59.51
2025-09-15,Q3 2025,WH-02,PRD-01,10,14,11,125,False,60.98
2025-09-16,Q3 2025,WH-02,PRD-01,12,11,16,120,False,58.54
2025-09-17,Q3 2025,WH-02,PRD-01,15,10,9,121,False,59.02
2025-09-18,Q3 2025,WH-02,PRD-01,10,8,11,118,False,57.56
2025-09-19,Q3 2025,WH-02,PRD-01,17,8,9,117,False,57.07
2025-09-20,Q3 2025,WH-02,PRD-01,10,6,8,115,False,56.1
2025-09-21,Q3 2025,WH-02,PRD-01,12,11,8,118,False,57.56
2025-09-22,Q3 2025,WH-02,PRD-01,10,10,9,119,False,58.05
2025-09-23,Q3 2025,WH-02,PRD-01,12,9,11,117,False,57.07
2025-09-24,Q3 2025,WH-02,PRD-01,8,11,17,111,False,54.15
2025-09-25,Q3 2025,WH-02,PRD-01,10,13,8,116,False,56.59
2025-09-26,Q3 2025,WH-02,PRD-01,9,17,9,124,False,60.49
2025-09-27,Q3 2025,WH-02,PRD-01,12,7,10,121,False,59.02
2025-09-28,Q3 2025,WH-02,PRD-01,14,15,11,125,False,60.98
2025-09-29,Q3 2025,WH-02,PRD-01,13,14,11,128,False,62.44
2025-09-30,Q3 2025,WH-02,PRD-01,6,9,14,123,False,60.0
2025-07-01,Q3 2025,WH-03,PRD-03,1496,1159,1661,6905,True,38.84
2025-07-02,Q3 2025,WH-03,PRD-03,914,1139,1121,6923,True,38.94
2025-07-03,Q3 2025,WH-03,PRD-03,1162,1392,790,7525,True,42.33
2025-07-04,Q3 2025,WH-03,PRD-03,1289,1395,1078,7842,True,44.11
2025-07-05,Q3 2025,WH-03,PRD-03,986,1198,1084,7956,True,44.75
2025-07-06,Q3 2025,WH-03,PRD-03,1303,1277,824,8409,True,47.3
2025-07-07,Q3 2025,WH-03,PRD-03,839,1190,1091,8508,True,47.86
2025-07-08,Q3 2025,WH-03,PRD-03,1436,933,842,8599,True,48.37
2025-07-09,Q3 2025,WH-03,PRD-03,1116,1254,905,8948,True,50.33
2025-07-10,Q3 2025,WH-03,PRD-03,980,687,818,8817,True,49.6
2025-07-11,Q3 2025,WH-03,PRD-03,1046,1332,587,9562,False,53.79
2025-07-12,Q3 2025,WH-03,PRD-03,1293,739,1075,9226,True,51.9
2025-07-13,Q3 2025,WH-03,PRD-03,983,1129,1210,9145,True,51.44
2025-07-14,Q3 2025,WH-03,PRD-03,946,831,1189,8787,True,49.43
2025-07-15,Q3 2025,WH-03,PRD-03,1064,1200,1283,8704,True,48.96
2025-07-16,Q3 2025,WH-03,PRD-03,851,1045,1130,8619,True,48.48
2025-07-17,Q3 2025,WH-03,PRD-03,1518,634,865,8388,True,47.18
2025-07-18,Q3 2025,WH-03,PRD-03,987,1165,1289,8264,True,46.49
2025-07-19,Q3 2025,WH-03,PRD-03,1298,902,610,8556,True,48.13
2025-07-20,Q3 2025,WH-03,PRD-03,1160,1286,751,9091,True,51.14
2025-07-21,Q3 2025,WH-03,PRD-03,894,1054,732,9413,False,52.95
2025-07-22,Q3 2025,WH-03,PRD-03,1112,1158,1363,9208,True,51.8
2025-07-23,Q3 2025,WH-03,PRD-03,1288,802,1321,8689,True,48.88
2025-07-24,Q3 2025,WH-03,PRD-03,1071,899,1180,8408,True,47.3
2025-07-25,Q3 2025,WH-03,PRD-03,1379,933,1361,7980,True,44.89
2025-07-26,Q3 2025,WH-03,PRD-03,1341,1280,758,8502,True,47.83
2025-07-27,Q3 2025,WH-03,PRD-03,1318,1496,1137,8861,True,49.85
2025-07-28,Q3 2025,WH-03,PRD-03,1011,842,991,8712,True,49.01
2025-07-29,Q3 2025,WH-03,PRD-03,873,1338,1291,8759,True,49.27
2025-07-30,Q3 2025,WH-03,PRD-03,977,482,994,8247,True,46.39
2025-07-31,Q3 2025,WH-03,PRD-03,1157,739,911,8075,True,45.42
2025-08-01,Q3 2025,WH-03,PRD-03,1235,801,1197,7679,True,43.2
2025-08-02,Q3 2025,WH-03,PRD-03,630,698,1300,7077,True,39.81
2025-08-03,Q3 2025,WH-03,PRD-03,1111,637,823,6891,True,38.76
2025-08-04,Q3 2025,WH-03,PRD-03,1148,1163,1011,7043,True,39.62
2025-08-05,Q3 2025,WH-03,PRD-03,1051,998,703,7338,True,41.28
2025-08-06,Q3 2025,WH-03,PRD-03,1401,1154,258,8234,True,46.32
2025-08-07,Q3 2025,WH-03,PRD-03,1207,1236,1092,8378,True,47.13
2025-08-08,Q3 2025,WH-03,PRD-03,1405,1124,1218,8284,True,46.6
2025-08-09,Q3 2025,WH-03,PRD-03,1065,1227,1111,8400,True,47.25
2025-08-10,Q3 2025,WH-03,PRD-03,1322,1036,427,9009,True,50.68
2025-08-11,Q3 2025,WH-03,PRD-03,1477,741,921,8829,True,49.67
2025-08-12,Q3 2025,WH-03,PRD-03,1405,1333,344,9818,False,55.23
2025-08-13,Q3 2025,WH-03,PRD-03,870,899,1453,9264,False,52.11
2025-08-14,Q3 2025,WH-03,PRD-03,1057,808,694,9378,False,52.75
2025-08-15,Q3 2025,WH-03,PRD-03,1036,1007,1418,8967,True,50.44
2025-08-16,Q3 2025,WH-03,PRD-03,1222,814,1322,8459,True,47.58
2025-08-17,Q3 2025,WH-03,PRD-03,1266,944,751,8652,True,48.67
2025-08-18,Q3 2025,WH-03,PRD-03,926,1145,680,9117,True,51.29
2025-08-19,Q3 2025,WH-03,PRD-03,1128,1146,1138,9125,True,51.33
2025-08-20,Q3 2025,WH-03,PRD-03,663,818,769,9174,True,51.61
2025-08-21,Q3 2025,WH-03,PRD-03,1434,926,1061,9039,True,50.85
2025-08-22,Q3 2025,WH-03,PRD-03,999,1337,881,9495,False,53.41
2025-08-23,Q3 2025,WH-03,PRD-03,1126,1185,479,10201,False,57.38
2025-08-24,Q3 2025,WH-03,PRD-03,1044,1601,341,11461,False,64.47
2025-08-25,Q3 2025,WH-03,PRD-03,1368,1365,1100,11726,False,65.96
2025-08-26,Q3 2025,WH-03,PRD-03,481,1356,856,12226,False,68.77
2025-08-27,Q3 2025,WH-03,PRD-03,1109,688,859,12055,False,67.81
2025-08-28,Q3 2025,WH-03,PRD-03,1090,1255,1245,12065,False,67.87
2025-08-29,Q3 2025,WH-03,PRD-03,1012,1040,1392,11713,False,65.89
2025-08-30,Q3 2025,WH-03,PRD-03,1497,909,946,11676,False,65.68
2025-08-31,Q3 2025,WH-03,PRD-03,916,1098,924,11850,False,66.66
2025-09-01,Q3 2025,WH-03,PRD-03,1285,1303,1184,11969,False,67.33
2025-09-02,Q3 2025,WH-03,PRD-03,1192,1186,611,12544,False,70.56
2025-09-03,Q3 2025,WH-03,PRD-03,1394,823,1099,12268,False,69.01
2025-09-04,Q3 2025,WH-03,PRD-03,965,1250,1200,12318,False,69.29
2025-09-05,Q3 2025,WH-03,PRD-03,950,886,1240,11964,False,67.3
2025-09-06,Q3 2025,WH-03,PRD-03,1357,1111,431,12644,False,71.13
2025-09-07,Q3 2025,WH-03,PRD-03,1208,974,795,12823,False,72.13
2025-09-08,Q3 2025,WH-03,PRD-03,769,996,758,13061,False,73.47
2025-09-09,Q3 2025,WH-03,PRD-03,993,1256,1061,13256,False,74.57
2025-09-10,Q3 2025,WH-03,PRD-03,1199,780,1178,12858,False,72.33
2025-09-11,Q3 2025,WH-03,PRD-03,1300,1567,1492,12933,False,72.75
2025-09-12,Q3 2025,WH-03,PRD-03,962,574,877,12630,False,71.05
2025-09-13,Q3 2025,WH-03,PRD-03,464,897,876,12651,False,71.16
2025-09-14,Q3 2025,WH-03,PRD-03,1230,1152,1385,12418,False,69.85
2025-09-15,Q3 2025,WH-03,PRD-03,841,1208,1121,12505,False,70.34
2025-09-16,Q3 2025,WH-03,PRD-03,664,1028,1421,12112,False,68.13
2025-09-17,Q3 2025,WH-03,PRD-03,483,1039,1119,12032,False,67.68
2025-09-18,Q3 2025,WH-03,PRD-03,1294,1162,672,12522,False,70.44
2025-09-19,Q3 2025,WH-03,PRD-03,1142,993,618,12897,False,72.55
2025-09-20,Q3 2025,WH-03,PRD-03,1063,1421,550,13768,False,77.45
2025-09-21,Q3 2025,WH-03,PRD-03,1422,1275,1234,13809,False,77.68
2025-09-22,Q3 2025,WH-03,PRD-03,1255,1284,1397,13696,False,77.04
2025-09-23,Q3 2025,WH-03,PRD-03,1473,800,1601,12895,False,72.54
2025-09-24,Q3 2025,WH-03,PRD-03,803,1033,1290,12638,False,71.09
2025-09-25,Q3 2025,WH-03,PRD-03,1105,975,1389,12224,False,68.76
2025-09-26,Q3 2025,WH-03,PRD-03,753,789,851,12162,False,68.41
2025-09-27,Q3 2025,WH-03,PRD-03,1062,1149,672,12639,False,71.1
2025-09-28,Q3 2025,WH-03,PRD-03,1058,912,1292,12259,False,68.96
2025-09-29,Q3 2025,WH-03,PRD-03,1253,1227,1159,12327,False,69.34
2025-09-30,Q3 2025,WH-03,PRD-03,1123,772,1063,12036,False,67.71
2025-10-01,Q4 2025,WH-01,PRD-01,24,23,24,174,True,42.44
2025-10-02,Q4 2025,WH-01,PRD-01,33,27,28,173,True,42.2
2025-10-03,Q4 2025,WH-01,PRD-01,23,19,38,154,True,37.56
2025-10-04,Q4 2025,WH-01,PRD-01,22,21,21,154,True,37.56
2025-10-05,Q4 2025,WH-01,PRD-01,27,27,17,164,True,40.0
2025-10-06,Q4 2025,WH-01,PRD-01,30,34,25,173,True,42.2
2025-10-07,Q4 2025,WH-01,PRD-01,25,25,18,180,True,43.9
2025-10-08,Q4 2025,WH-01,PRD-01,32,25,33,172,True,41.95
2025-10-09,Q4 2025,WH-01,PRD-01,29,24,21,175,True,42.68
2025-10-10,Q4 2025,WH-01,PRD-01,15,23,19,179,True,43.66
2025-10-11,Q4 2025,WH-01,PRD-01,23,28,20,187,True,45.61
2025-10-12,Q4 2025,WH-01,PRD-01,23,16,28,175,True,42.68
2025-10-13,Q4 2025,WH-01,PRD-01,29,35,22,188,True,45.85
2025-10-14,Q4 2025,WH-01,PRD-01,12,22,19,191,True,46.59
2025-10-15,Q4 2025,WH-01,PRD-01,39,31,35,187,True,45.61
2025-10-16,Q4 2025,WH-01,PRD-01,29,18,17,188,True,45.85
2025-10-17,Q4 2025,WH-01,PRD-01,27,31,23,196,True,47.8
2025-10-18,Q4 2025,WH-01,PRD-01,32,31,28,199,True,48.54
2025-10-19,Q4 2025,WH-01,PRD-01,38,29,12,216,True,52.68
2025-10-20,Q4 2025,WH-01,PRD-01,31,20,26,210,True,51.22
2025-10-21,Q4 2025,WH-01,PRD-01,31,28,16,222,False,54.15
2025-10-22,Q4 2025,WH-01,PRD-01,27,19,29,212,True,51.71
2025-10-23,Q4 2025,WH-01,PRD-01,25,25,16,221,False,53.9
2025-10-24,Q4 2025,WH-01,PRD-01,24,33,28,226,False,55.12
2025-10-25,Q4 2025,WH-01,PRD-01,22,32,31,227,False,55.37
2025-10-26,Q4 2025,WH-01,PRD-01,23,26,29,224,False,54.63
2025-10-27,Q4 2025,WH-01,PRD-01,19,20,25,219,False,53.41
2025-10-28,Q4 2025,WH-01,PRD-01,26,31,22,228,False,55.61
2025-10-29,Q4 2025,WH-01,PRD-01,17,26,19,235,False,57.32
2025-10-30,Q4 2025,WH-01,PRD-01,27,11,33,213,True,51.95
2025-10-31,Q4 2025,WH-01,PRD-01,26,31,18,226,False,55.12
2025-11-01,Q4 2025,WH-01,PRD-01,27,26,16,236,False,57.56
2025-11-02,Q4 2025,WH-01,PRD-01,23,34,28,242,False,59.02
2025-11-03,Q4 2025,WH-01,PRD-01,42,19,18,243,False,59.27
2025-11-04,Q4 2025,WH-01,PRD-01,33,5,17,231,False,56.34
2025-11-05,Q4 2025,WH-01,PRD-01,20,28,13,246,False,60.0
2025-11-06,Q4 2025,WH-01,PRD-01,27,28,20,254,False,61.95
2025-11-07,Q4 2025,WH-01,PRD-01,23,15,23,246,False,60.0
2025-11-08,Q4 2025,WH-01,PRD-01,21,20,25,241,False,58.78
2025-11-09,Q4 2025,WH-01,PRD-01,19,44,30,255,False,62.2
2025-11-10,Q4 2025,WH-01,PRD-01,28,24,27,252,False,61.46
2025-11-11,Q4 2025,WH-01,PRD-01,23,31,22,261,False,63.66
2025-11-12,Q4 2025,WH-01,PRD-01,31,22,22,261,False,63.66
2025-11-13,Q4 2025,WH-01,PRD-01,31,13,27,247,False,60.24
2025-11-14,Q4 2025,WH-01,PRD-01,33,25,32,240,False,58.54
2025-11-15,Q4 2025,WH-01,PRD-01,22,25,24,241,False,58.78
2025-11-16,Q4 2025,WH-01,PRD-01,29,24,20,245,False,59.76
2025-11-17,Q4 2025,WH-01,PRD-01,29,26,16,255,False,62.2
2025-11-18,Q4 2025,WH-01,PRD-01,24,28,13,270,False,65.85
2025-11-19,Q4 2025,WH-01,PRD-01,22,25,28,267,False,65.12
2025-11-20,Q4 2025,WH-01,PRD-01,35,18,27,258,False,62.93
2025-11-21,Q4 2025,WH-01,PRD-01,27,30,27,261,False,63.66
2025-11-22,Q4 2025,WH-01,PRD-01,29,14,22,253,False,61.71
2025-11-23,Q4 2025,WH-01,PRD-01,22,13,33,233,False,56.83
2025-11-24,Q4 2025,WH-01,PRD-01,20,31,20,244,False,59.51
2025-11-25,Q4 2025,WH-01,PRD-01,23,30,30,244,False,59.51
2025-11-26,Q4 2025,WH-01,PRD-01,25,26,23,247,False,60.24
2025-11-27,Q4 2025,WH-01,PRD-01,21,17,19,245,False,59.76
2025-11-28,Q4 2025,WH-01,PRD-01,26,22,27,240,False,58.54
2025-11-29,Q4 2025,WH-01,PRD-01,17,25,26,239,False,58.29
2025-11-30,Q4 2025,WH-01,PRD-01,20,16,26,229,False,55.85
2025-12-01,Q4 2025,WH-01,PRD-01,30,21,24,226,False,55.12
2025-12-02,Q4 2025,WH-01,PRD-01,29,31,23,234,False,57.07
2025-12-03,Q4 2025,WH-01,PRD-01,24,36,40,230,False,56.1
2025-12-04,Q4 2025,WH-01,PRD-01,21,24,31,223,False,54.39
2025-12-05,Q4 2025,WH-01,PRD-01,21,31,28,226,False,55.12
2025-12-06,Q4 2025,WH-01,PRD-01,24,14,24,216,True,52.68
2025-12-07,Q4 2025,WH-01,PRD-01,29,31,30,217,True,52.93
2025-12-08,Q4 2025,WH-01,PRD-01,31,21,27,211,True,51.46
2025-12-09,Q4 2025,WH-01,PRD-01,24,28,23,216,True,52.68
2025-12-10,Q4 2025,WH-01,PRD-01,20,25,21,220,False,53.66
2025-12-11,Q4 2025,WH-01,PRD-01,28,35,23,232,False,56.59
2025-12-12,Q4 2025,WH-01,PRD-01,22,21,2,251,False,61.22
2025-12-13,Q4 2025,WH-01,PRD-01,23,30,25,256,False,62.44
2025-12-14,Q4 2025,WH-01,PRD-01,33,24,20,260,False,63.41
2025-12-15,Q4 2025,WH-01,PRD-01,30,25,34,251,False,61.22
2025-12-16,Q4 2025,WH-01,PRD-01,27,25,23,253,False,61.71
2025-12-17,Q4 2025,WH-01,PRD-01,19,21,15,259,False,63.17
2025-12-18,Q4 2025,WH-01,PRD-01,27,26,23,262,False,63.9
2025-12-19,Q4 2025,WH-01,PRD-01,32,26,16,272,False,66.34
2025-12-20,Q4 2025,WH-01,PRD-01,24,28,26,274,False,66.83
2025-12-21,Q4 2025,WH-01,PRD-01,33,27,25,276,False,67.32
2025-12-22,Q4 2025,WH-01,PRD-01,33,32,30,278,False,67.8
2025-12-23,Q4 2025,WH-01,PRD-01,35,32,18,292,False,71.22
2025-12-24,Q4 2025,WH-01,PRD-01,28,19,23,288,False,70.24
2025-12-25,Q4 2025,WH-01,PRD-01,29,32,14,306,False,74.63
2025-12-26,Q4 2025,WH-01,PRD-01,34,19,28,297,False,72.44
2025-12-27,Q4 2025,WH-01,PRD-01,28,30,27,300,False,73.17
2025-12-28,Q4 2025,WH-01,PRD-01,23,30,27,303,False,73.9
2025-12-29,Q4 2025,WH-01,PRD-01,24,14,23,294,False,71.71
2025-12-30,Q4 2025,WH-01,PRD-01,27,27,26,295,False,71.95
2025-12-31,Q4 2025,WH-01,PRD-01,19,23,34,284,False,69.27
2025-10-01,Q4 2025,WH-02,PRD-01,10,13,12,87,True,42.44
2025-10-02,Q4 2025,WH-02,PRD-01,13,12,15,84,True,40.98
2025-10-03,Q4 2025,WH-02,PRD-01,14,7,4,87,True,42.44
2025-10-04,Q4 2025,WH-02,PRD-01,17,19,17,89,True,43.41
2025-10-05,Q4 2025,WH-02,PRD-01,12,8,15,82,True,40.0
2025-10-06,Q4 2025,WH-02,PRD-01,9,9,10,81,True,39.51
2025-10-07,Q4 2025,WH-02,PRD-01,15,11,13,79,True,38.54
2025-10-08,Q4 2025,WH-02,PRD-01,9,16,12,83,True,40.49
2025-10-09,Q4 2025,WH-02,PRD-01,12,12,16,79,True,38.54
2025-10-10,Q4 2025,WH-02,PRD-01,12,8,15,72,True,35.12
2025-10-11,Q4 2025,WH-02,PRD-01,13,16,7,81,True,39.51
2025-10-12,Q4 2025,WH-02,PRD-01,15,14,14,81,True,39.51
2025-10-13,Q4 2025,WH-02,PRD-01,11,14,11,84,True,40.98
2025-10-14,Q4 2025,WH-02,PRD-01,12,14,12,86,True,41.95
2025-10-15,Q4 2025,WH-02,PRD-01,13,19,9,96,True,46.83
2025-10-16,Q4 2025,WH-02,PRD-01,13,19,18,97,True,47.32
2025-10-17,Q4 2025,WH-02,PRD-01,13,10,15,92,True,44.88
2025-10-18,Q4 2025,WH-02,PRD-01,14,17,9,100,True,48.78
2025-10-19,Q4 2025,WH-02,PRD-01,15,13,7,106,True,51.71
2025-10-20,Q4 2025,WH-02,PRD-01,14,14,10,110,False,53.66
2025-10-21,Q4 2025,WH-02,PRD-01,14,7,13,104,True,50.73
2025-10-22,Q4 2025,WH-02,PRD-01,9,12,12,104,True,50.73
2025-10-23,Q4 2025,WH-02,PRD-01,13,10,16,98,True,47.8
2025-10-24,Q4 2025,WH-02,PRD-01,14,15,14,99,True,48.29
2025-10-25,Q4 2025,WH-02,PRD-01,15,15,15,99,True,48.29
2025-10-26,Q4 2025,WH-02,PRD-01,11,6,13,92,True,44.88
2025-10-27,Q4 2025,WH-02,PRD-01,11,12,7,97,True,47.32
2025-10-28,Q4 2025,WH-02,PRD-01,12,16,11,102,True,49.76
2025-10-29,Q4 2025,WH-02,PRD-01,14,12,15,99,True,48.29
2025-10-30,Q4 2025,WH-02,PRD-01,16,14,11,102,True,49.76
2025-10-31,Q4 2025,WH-02,PRD-01,12,13,13,102,True,49.76
2025-11-01,Q4 2025,WH-02,PRD-01,15,13,10,105,True,51.22
2025-11-02,Q4 2025,WH-02,PRD-01,13,11,8,108,False,52.68
2025-11-03,Q4 2025,WH-02,PRD-01,13,8,11,105,True,51.22
2025-11-04,Q4 2025,WH-02,PRD-01,12,9,13,101,True,49.27
2025-11-05,Q4 2025,WH-02,PRD-01,15,14,9,106,True,51.71
2025-11-06,Q4 2025,WH-02,PRD-01,14,12,11,107,True,52.2
2025-11-07,Q4 2025,WH-02,PRD-01,19,12,8,111,False,54.15
2025-11-08,Q4 2025,WH-02,PRD-01,11,11,15,107,True,52.2
2025-11-09,Q4 2025,WH-02,PRD-01,14,11,10,108,False,52.68
2025-11-10,Q4 2025,WH-02,PRD-01,12,15,17,106,True,51.71
2025-11-11,Q4 2025,WH-02,PRD-01,11,11,17,100,True,48.78
2025-11-12,Q4 2025,WH-02,PRD-01,13,8,11,97,True,47.32
2025-11-13,Q4 2025,WH-02,PRD-01,13,14,8,103,True,50.24
2025-11-14,Q4 2025,WH-02,PRD-01,21,12,4,111,False,54.15
2025-11-15,Q4 2025,WH-02,PRD-01,13,12,6,117,False,57.07
2025-11-16,Q4 2025,WH-02,PRD-01,10,17,7,127,False,61.95
2025-11-17,Q4 2025,WH-02,PRD-01,14,12,16,123,False,60.0
2025-11-18,Q4 2025,WH-02,PRD-01,8,13,12,124,False,60.49
2025-11-19,Q4 2025,WH-02,PRD-01,13,9,13,120,False,58.54
2025-11-20,Q4 2025,WH-02,PRD-01,13,11,4,127,False,61.95
2025-11-21,Q4 2025,WH-02,PRD-01,15,14,7,134,False,65.37
2025-11-22,Q4 2025,WH-02,PRD-01,16,7,15,126,False,61.46
2025-11-23,Q4 2025,WH-02,PRD-01,12,13,13,126,False,61.46
2025-11-24,Q4 2025,WH-02,PRD-01,13,12,11,127,False,61.95
2025-11-25,Q4 2025,WH-02,PRD-01,11,12,13,126,False,61.46
2025-11-26,Q4 2025,WH-02,PRD-01,10,15,17,124,False,60.49
2025-11-27,Q4 2025,WH-02,PRD-01,14,13,11,126,False,61.46
2025-11-28,Q4 2025,WH-02,PRD-01,10,17,12,131,False,63.9
2025-11-29,Q4 2025,WH-02,PRD-01,12,9,12,128,False,62.44
2025-11-30,Q4 2025,WH-02,PRD-01,10,13,20,121,False,59.02
2025-12-01,Q4 2025,WH-02,PRD-01,14,12,4,129,False,62.93
2025-12-02,Q4 2025,WH-02,PRD-01,18,9,14,124,False,60.49
2025-12-03,Q4 2025,WH-02,PRD-01,10,15,11,128,False,62.44
2025-12-04,Q4 2025,WH-02,PRD-01,8,19,13,134,False,65.37
2025-12-05,Q4 2025,WH-02,PRD-01,13,12,9,137,False,66.83
2025-12-06,Q4 2025,WH-02,PRD-01,13,14,11,140,False,68.29
2025-12-07,Q4 2025,WH-02,PRD-01,14,12,14,138,False,67.32
2025-12-08,Q4 2025,WH-02,PRD-01,12,10,22,126,False,61.46
2025-12-09,Q4 2025,WH-02,PRD-01,13,7,14,119,False,58.05
2025-12-10,Q4 2025,WH-02,PRD-01,14,10,9,120,False,58.54
2025-12-11,Q4 2025,WH-02,PRD-01,16,8,10,118,False,57.56
2025-12-12,Q4 2025,WH-02,PRD-01,8,17,10,125,False,60.98
2025-12-13,Q4 2025,WH-02,PRD-01,12,12,5,132,False,64.39
2025-12-14,Q4 2025,WH-02,PRD-01,14,11,10,133,False,64.88
2025-12-15,Q4 2025,WH-02,PRD-01,11,15,14,134,False,65.37
2025-12-16,Q4 2025,WH-02,PRD-01,18,9,7,136,False,66.34
2025-12-17,Q4 2025,WH-02,PRD-01,11,10,15,131,False,63.9
2025-12-18,Q4 2025,WH-02,PRD-01,13,12,13,130,False,63.41
2025-12-19,Q4 2025,WH-02,PRD-01,14,15,9,136,False,66.34
2025-12-20,Q4 2025,WH-02,PRD-01,12,14,11,139,False,67.8
2025-12-21,Q4 2025,WH-02,PRD-01,8,13,17,135,False,65.85
2025-12-22,Q4 2025,WH-02,PRD-01,12,12,14,133,False,64.88
2025-12-23,Q4 2025,WH-02,PRD-01,16,13,12,134,False,65.37
2025-12-24,Q4 2025,WH-02,PRD-01,12,13,11,136,False,66.34
2025-12-25,Q4 2025,WH-02,PRD-01,11,9,12,133,False,64.88
2025-12-26,Q4 2025,WH-02,PRD-01,15,12,10,135,False,65.85
2025-12-27,Q4 2025,WH-02,PRD-01,12,9,4,140,False,68.29
2025-12-28,Q4 2025,WH-02,PRD-01,12,12,19,133,False,64.88
2025-12-29,Q4 2025,WH-02,PRD-01,13,11,12,132,False,64.39
2025-12-30,Q4 2025,WH-02,PRD-01,15,20,13,139,False,67.8
2025-12-31,Q4 2025,WH-02,PRD-01,19,12,11,140,False,68.29
2025-10-01,Q4 2025,WH-03,PRD-03,727,1491,1389,8516,True,47.9
2025-10-02,Q4 2025,WH-03,PRD-03,1105,1470,1502,8484,True,47.72
2025-10-03,Q4 2025,WH-03,PRD-03,1326,1339,945,8878,True,49.94
2025-10-04,Q4 2025,WH-03,PRD-03,1311,1187,771,9294,True,52.28
2025-10-05,Q4 2025,WH-03,PRD-03,1323,1154,1135,9313,True,52.39
2025-10-06,Q4 2025,WH-03,PRD-03,922,1520,1150,9683,True,54.47
2025-10-07,Q4 2025,WH-03,PRD-03,1491,1425,754,10354,True,58.24
2025-10-08,Q4 2025,WH-03,PRD-03,1346,1171,1055,10470,True,58.9
2025-10-09,Q4 2025,WH-03,PRD-03,1473,1590,1247,10813,False,60.83
2025-10-10,Q4 2025,WH-03,PRD-03,798,1211,1234,10790,False,60.7
2025-10-11,Q4 2025,WH-03,PRD-03,1365,985,1283,10492,True,59.02
2025-10-12,Q4 2025,WH-03,PRD-03,979,1014,1211,10295,True,57.91
2025-10-13,Q4 2025,WH-03,PRD-03,1183,946,945,10296,True,57.92
2025-10-14,Q4 2025,WH-03,PRD-03,1422,1167,942,10521,False,59.18
2025-10-15,Q4 2025,WH-03,PRD-03,1308,1638,713,11446,False,64.39
2025-10-16,Q4 2025,WH-03,PRD-03,1066,1000,1710,10736,False,60.39
2025-10-17,Q4 2025,WH-03,PRD-03,1286,1311,1118,10929,False,61.48
2025-10-18,Q4 2025,WH-03,PRD-03,891,1046,1039,10936,False,61.52
2025-10-19,Q4 2025,WH-03,PRD-03,1580,1170,804,11302,False,63.58
2025-10-20,Q4 2025,WH-03,PRD-03,1232,779,2095,9986,True,56.17
2025-10-21,Q4 2025,WH-03,PRD-03,1572,1183,755,10414,True,58.58
2025-10-22,Q4 2025,WH-03,PRD-03,1149,1191,971,10634,False,59.82
2025-10-23,Q4 2025,WH-03,PRD-03,1150,1421,1253,10802,False,60.76
2025-10-24,Q4 2025,WH-03,PRD-03,1088,1322,1315,10809,False,60.8
2025-10-25,Q4 2025,WH-03,PRD-03,1510,877,1434,10252,True,57.67
2025-10-26,Q4 2025,WH-03,PRD-03,1102,1591,1718,10125,True,56.96
2025-10-27,Q4 2025,WH-03,PRD-03,1450,1318,1283,10160,True,57.15
2025-10-28,Q4 2025,WH-03,PRD-03,1186,1314,761,10713,False,60.26
2025-10-29,Q4 2025,WH-03,PRD-03,777,1249,1028,10934,False,61.51
2025-10-30,Q4 2025,WH-03,PRD-03,1138,1090,1217,10807,False,60.79
2025-10-31,Q4 2025,WH-03,PRD-03,982,1320,1805,10322,True,58.06
2025-11-01,Q4 2025,WH-03,PRD-03,1293,1401,647,11076,False,62.31
2025-11-02,Q4 2025,WH-03,PRD-03,979,705,1516,10265,True,57.74
2025-11-03,Q4 2025,WH-03,PRD-03,1522,1083,1174,10174,True,57.23
2025-11-04,Q4 2025,WH-03,PRD-03,1261,1172,1394,9952,True,55.98
2025-11-05,Q4 2025,WH-03,PRD-03,1239,1332,1080,10204,True,57.4
2025-11-06,Q4 2025,WH-03,PRD-03,1453,1625,832,10997,False,61.86
2025-11-07,Q4 2025,WH-03,PRD-03,1532,1010,1365,10642,False,59.86
2025-11-08,Q4 2025,WH-03,PRD-03,1279,1096,1333,10405,True,58.53
2025-11-09,Q4 2025,WH-03,PRD-03,1086,1091,1439,10057,True,56.57
2025-11-10,Q4 2025,WH-03,PRD-03,829,1001,1110,9948,True,55.96
2025-11-11,Q4 2025,WH-03,PRD-03,1108,1143,914,10177,True,57.25
2025-11-12,Q4 2025,WH-03,PRD-03,1126,1493,593,11077,False,62.31
2025-11-13,Q4 2025,WH-03,PRD-03,1312,922,1388,10611,False,59.69
2025-11-14,Q4 2025,WH-03,PRD-03,1196,1386,1256,10741,False,60.42
2025-11-15,Q4 2025,WH-03,PRD-03,1461,719,791,10669,False,60.02
2025-11-16,Q4 2025,WH-03,PRD-03,1127,1076,934,10811,False,60.81
2025-11-17,Q4 2025,WH-03,PRD-03,1270,1149,958,11002,False,61.89
2025-11-18,Q4 2025,WH-03,PRD-03,1589,1776,618,12160,False,68.4
2025-11-19,Q4 2025,WH-03,PRD-03,1372,1166,841,12485,False,70.23
2025-11-20,Q4 2025,WH-03,PRD-03,1269,563,735,12313,False,69.26
2025-11-21,Q4 2025,WH-03,PRD-03,1130,626,976,11963,False,67.29
2025-11-22,Q4 2025,WH-03,PRD-03,1122,1262,867,12358,False,69.52
2025-11-23,Q4 2025,WH-03,PRD-03,1066,1444,570,13232,False,74.43
2025-11-24,Q4 2025,WH-03,PRD-03,1146,1369,1790,12811,False,72.07
2025-11-25,Q4 2025,WH-03,PRD-03,1479,1304,1533,12582,False,70.78
2025-11-26,Q4 2025,WH-03,PRD-03,1228,1616,854,13344,False,75.06
2025-11-27,Q4 2025,WH-03,PRD-03,938,1083,1205,13222,False,74.38
2025-11-28,Q4 2025,WH-03,PRD-03,1739,1532,1254,13500,False,75.94
2025-11-29,Q4 2025,WH-03,PRD-03,1367,741,1512,12729,False,71.6
2025-11-30,Q4 2025,WH-03,PRD-03,923,969,840,12858,False,72.33
2025-12-01,Q4 2025,WH-03,PRD-03,1171,686,1479,12065,False,67.87
2025-12-02,Q4 2025,WH-03,PRD-03,1313,1166,931,12300,False,69.19
2025-12-03,Q4 2025,WH-03,PRD-03,1723,1237,668,12869,False,72.39
2025-12-04,Q4 2025,WH-03,PRD-03,1000,1288,1356,12801,False,72.01
2025-12-05,Q4 2025,WH-03,PRD-03,1535,1271,1545,12527,False,70.47
2025-12-06,Q4 2025,WH-03,PRD-03,1644,962,1979,11510,False,64.75
2025-12-07,Q4 2025,WH-03,PRD-03,1123,1192,713,11989,False,67.44
2025-12-08,Q4 2025,WH-03,PRD-03,1213,783,1348,11424,False,64.26
2025-12-09,Q4 2025,WH-03,PRD-03,1018,1678,977,12125,False,68.21
2025-12-10,Q4 2025,WH-03,PRD-03,1232,1157,1376,11906,False,66.97
2025-12-11,Q4 2025,WH-03,PRD-03,1275,1099,623,12382,False,69.65
2025-12-12,Q4 2025,WH-03,PRD-03,1454,1749,692,13439,False,75.6
2025-12-13,Q4 2025,WH-03,PRD-03,1565,863,855,13447,False,75.64
2025-12-14,Q4 2025,WH-03,PRD-03,1092,900,1140,13207,False,74.29
2025-12-15,Q4 2025,WH-03,PRD-03,779,909,900,13216,False,74.34
2025-12-16,Q4 2025,WH-03,PRD-03,1279,1231,1334,13113,False,73.76
2025-12-17,Q4 2025,WH-03,PRD-03,1360,1387,1457,13043,False,73.37
2025-12-18,Q4 2025,WH-03,PRD-03,1349,1483,1314,13212,False,74.32
2025-12-19,Q4 2025,WH-03,PRD-03,1201,2057,1655,13614,False,76.58
2025-12-20,Q4 2025,WH-03,PRD-03,1317,548,1253,12909,False,72.62
2025-12-21,Q4 2025,WH-03,PRD-03,1674,1442,707,13644,False,76.75
2025-12-22,Q4 2025,WH-03,PRD-03,1383,1077,1570,13151,False,73.98
2025-12-23,Q4 2025,WH-03,PRD-03,1189,1068,912,13307,False,74.86
2025-12-24,Q4 2025,WH-03,PRD-03,1156,1058,1418,12947,False,72.83
2025-12-25,Q4 2025,WH-03,PRD-03,1241,967,1640,12274,False,69.04
2025-12-26,Q4 2025,WH-03,PRD-03,1705,1779,1267,12786,False,71.92
2025-12-27,Q4 2025,WH-03,PRD-03,1237,1515,614,13687,False,76.99
2025-12-28,Q4 2025,WH-03,PRD-03,1280,1259,807,14139,False,79.54
2025-12-29,Q4 2025,WH-03,PRD-03,1161,1675,1556,14258,False,80.2
2025-12-30,Q4 2025,WH-03,PRD-03,1567,778,1057,13979,False,78.64
2025-12-31,Q4 2025,WH-03,PRD-03,1788,835,1141,13673,False,76.91
2026-01-01,Q1 2026,WH-01,PRD-01,15,13,24,97,True,23.66
2026-01-02,Q1 2026,WH-01,PRD-01,17,14,15,96,True,23.41
2026-01-03,Q1 2026,WH-01,PRD-01,12,14,15,95,True,23.17
2026-01-04,Q1 2026,WH-01,PRD-01,15,12,4,103,True,25.12
2026-01-05,Q1 2026,WH-01,PRD-01,12,8,18,93,True,22.68
2026-01-06,Q1 2026,WH-01,PRD-01,20,13,16,90,True,21.95
2026-01-07,Q1 2026,WH-01,PRD-01,20,17,17,90,True,21.95
2026-01-08,Q1 2026,WH-01,PRD-01,11,10,12,88,True,21.46
2026-01-09,Q1 2026,WH-01,PRD-01,22,16,13,91,True,22.2
2026-01-10,Q1 2026,WH-01,PRD-01,26,23,13,101,True,24.63
2026-01-11,Q1 2026,WH-01,PRD-01,17,20,20,101,True,24.63
2026-01-12,Q1 2026,WH-01,PRD-01,15,22,13,110,True,26.83
2026-01-13,Q1 2026,WH-01,PRD-01,27,17,24,103,True,25.12
2026-01-14,Q1 2026,WH-01,PRD-01,13,20,17,106,True,25.85
2026-01-15,Q1 2026,WH-01,PRD-01,17,13,9,110,True,26.83
2026-01-16,Q1 2026,WH-01,PRD-01,18,13,14,109,True,26.59
2026-01-17,Q1 2026,WH-01,PRD-01,22,5,12,102,True,24.88
2026-01-18,Q1 2026,WH-01,PRD-01,18,20,5,117,True,28.54
2026-01-19,Q1 2026,WH-01,PRD-01,15,22,22,117,True,28.54
2026-01-20,Q1 2026,WH-01,PRD-01,14,14,18,113,True,27.56
2026-01-21,Q1 2026,WH-01,PRD-01,16,15,17,111,True,27.07
2026-01-22,Q1 2026,WH-01,PRD-01,14,13,16,108,True,26.34
2026-01-23,Q1 2026,WH-01,PRD-01,17,17,9,116,True,28.29
2026-01-24,Q1 2026,WH-01,PRD-01,15,20,13,123,True,30.0
2026-01-25,Q1 2026,WH-01,PRD-01,12,9,19,113,True,27.56
2026-01-26,Q1 2026,WH-01,PRD-01,21,17,10,120,True,29.27
2026-01-27,Q1 2026,WH-01,PRD-01,15,15,4,131,True,31.95
2026-01-28,Q1 2026,WH-01,PRD-01,13,16,14,133,True,32.44
2026-01-29,Q1 2026,WH-01,PRD-01,17,18,14,137,False,33.41
2026-01-30,Q1 2026,WH-01,PRD-01,17,15,16,136,False,33.17
2026-01-31,Q1 2026,WH-01,PRD-01,11,15,18,133,True,32.44
2026-02-01,Q1 2026,WH-01,PRD-01,18,15,18,130,True,31.71
2026-02-02,Q1 2026,WH-01,PRD-01,14,20,16,134,True,32.68
2026-02-03,Q1 2026,WH-01,PRD-01,23,17,20,131,True,31.95
2026-02-04,Q1 2026,WH-01,PRD-01,19,17,8,140,False,34.15
2026-02-05,Q1 2026,WH-01,PRD-01,16,11,17,134,True,32.68
2026-02-06,Q1 2026,WH-01,PRD-01,15,14,18,130,True,31.71
2026-02-07,Q1 2026,WH-01,PRD-01,17,19,9,140,False,34.15
2026-02-08,Q1 2026,WH-01,PRD-01,19,16,8,148,False,36.1
2026-02-09,Q1 2026,WH-01,PRD-01,17,18,12,154,False,37.56
2026-02-10,Q1 2026,WH-01,PRD-01,16,23,12,165,False,40.24
2026-02-11,Q1 2026,WH-01,PRD-01,17,20,18,167,False,40.73
2026-02-12,Q1 2026,WH-01,PRD-01,15,16,12,171,False,41.71
2026-02-13,Q1 2026,WH-01,PRD-01,16,14,11,174,False,42.44
2026-02-14,Q1 2026,WH-01,PRD-01,10,6,12,168,False,40.98
2026-02-15,Q1 2026,WH-01,PRD-01,20,15,20,163,False,39.76
2026-02-16,Q1 2026,WH-01,PRD-01,18,15,15,163,False,39.76
2026-02-17,Q1 2026,WH-01,PRD-01,14,17,14,166,False,40.49
2026-02-18,Q1 2026,WH-01,PRD-01,24,15,14,167,False,40.73
2026-02-19,Q1 2026,WH-01,PRD-01,17,15,21,161,False,39.27
2026-02-20,Q1 2026,WH-01,PRD-01,14,9,12,158,False,38.54
2026-02-21,Q1 2026,WH-01,PRD-01,20,12,21,149,False,36.34
2026-02-22,Q1 2026,WH-01,PRD-01,18,18,16,151,False,36.83
2026-02-23,Q1 2026,WH-01,PRD-01,18,23,14,160,False,39.02
2026-02-24,Q1 2026,WH-01,PRD-01,16,15,26,149,False,36.34
2026-02-25,Q1 2026,WH-01,PRD-01,19,17,10,156,False,38.05
2026-02-26,Q1 2026,WH-01,PRD-01,16,20,13,163,False,39.76
2026-02-27,Q1 2026,WH-01,PRD-01,19,13,9,167,False,40.73
2026-02-28,Q1 2026,WH-01,PRD-01,11,17,19,165,False,40.24
2026-03-01,Q1 2026,WH-01,PRD-01,16,13,23,155,False,37.8
2026-03-02,Q1 2026,WH-01,PRD-01,23,19,23,151,False,36.83
2026-03-03,Q1 2026,WH-01,PRD-01,15,16,20,147,False,35.85
2026-03-04,Q1 2026,WH-01,PRD-01,15,17,14,150,False,36.59
2026-03-05,Q1 2026,WH-01,PRD-01,16,13,13,150,False,36.59
2026-03-06,Q1 2026,WH-01,PRD-01,13,19,7,162,False,39.51
2026-03-07,Q1 2026,WH-01,PRD-01,10,24,24,162,False,39.51
2026-03-08,Q1 2026,WH-01,PRD-01,16,12,17,157,False,38.29
2026-03-09,Q1 2026,WH-01,PRD-01,18,14,13,158,False,38.54
2026-03-10,Q1 2026,WH-01,PRD-01,17,17,21,154,False,37.56
2026-03-11,Q1 2026,WH-01,PRD-01,17,19,11,162,False,39.51
2026-03-12,Q1 2026,WH-01,PRD-01,17,14,17,159,False,38.78
2026-03-13,Q1 2026,WH-01,PRD-01,21,5,14,150,False,36.59
2026-03-14,Q1 2026,WH-01,PRD-01,16,21,18,153,False,37.32
2026-03-15,Q1 2026,WH-01,PRD-01,15,19,15,157,False,38.29
2026-03-16,Q1 2026,WH-01,PRD-01,16,9,8,158,False,38.54
2026-03-17,Q1 2026,WH-01,PRD-01,19,13,15,156,False,38.05
2026-03-18,Q1 2026,WH-01,PRD-01,22,22,20,158,False,38.54
2026-03-19,Q1 2026,WH-01,PRD-01,15,22,15,165,False,40.24
2026-03-20,Q1 2026,WH-01,PRD-01,17,20,18,167,False,40.73
2026-03-21,Q1 2026,WH-01,PRD-01,18,15,10,172,False,41.95
2026-03-22,Q1 2026,WH-01,PRD-01,14,16,15,173,False,42.2
2026-03-23,Q1 2026,WH-01,PRD-01,17,15,12,176,False,42.93
2026-03-24,Q1 2026,WH-01,PRD-01,12,20,18,178,False,43.41
2026-03-25,Q1 2026,WH-01,PRD-01,11,12,15,175,False,42.68
2026-03-26,Q1 2026,WH-01,PRD-01,18,13,18,170,False,41.46
2026-03-27,Q1 2026,WH-01,PRD-01,16,20,20,170,False,41.46
2026-03-28,Q1 2026,WH-01,PRD-01,18,16,18,168,False,40.98
2026-03-29,Q1 2026,WH-01,PRD-01,17,21,16,173,False,42.2
2026-03-30,Q1 2026,WH-01,PRD-01,14,13,11,175,False,42.68
2026-03-31,Q1 2026,WH-01,PRD-01,17,16,15,176,False,42.93
2026-01-01,Q1 2026,WH-02,PRD-01,5,5,4,54,True,26.34
2026-01-02,Q1 2026,WH-02,PRD-01,8,5,11,48,True,23.41
2026-01-03,Q1 2026,WH-02,PRD-01,4,4,5,47,True,22.93
2026-01-04,Q1 2026,WH-02,PRD-01,11,10,7,50,True,24.39
2026-01-05,Q1 2026,WH-02,PRD-01,9,7,5,52,True,25.37
2026-01-06,Q1 2026,WH-02,PRD-01,10,15,9,58,True,28.29
2026-01-07,Q1 2026,WH-02,PRD-01,5,6,7,57,True,27.8
2026-01-08,Q1 2026,WH-02,PRD-01,10,7,6,58,True,28.29
2026-01-09,Q1 2026,WH-02,PRD-01,12,7,10,55,True,26.83
2026-01-10,Q1 2026,WH-02,PRD-01,6,9,8,56,True,27.32
2026-01-11,Q1 2026,WH-02,PRD-01,9,7,9,54,True,26.34
2026-01-12,Q1 2026,WH-02,PRD-01,8,10,5,59,True,28.78
2026-01-13,Q1 2026,WH-02,PRD-01,6,6,4,61,True,29.76
2026-01-14,Q1 2026,WH-02,PRD-01,9,6,8,59,True,28.78
2026-01-15,Q1 2026,WH-02,PRD-01,9,5,7,57,True,27.8
2026-01-16,Q1 2026,WH-02,PRD-01,7,4,9,52,True,25.37
2026-01-17,Q1 2026,WH-02,PRD-01,10,7,7,52,True,25.37
2026-01-18,Q1 2026,WH-02,PRD-01,5,8,8,52,True,25.37
2026-01-19,Q1 2026,WH-02,PRD-01,6,7,4,55,True,26.83
2026-01-20,Q1 2026,WH-02,PRD-01,8,11,12,54,True,26.34
2026-01-21,Q1 2026,WH-02,PRD-01,8,11,7,58,True,28.29
2026-01-22,Q1 2026,WH-02,PRD-01,7,8,9,57,True,27.8
2026-01-23,Q1 2026,WH-02,PRD-01,9,5,6,56,True,27.32
2026-01-24,Q1 2026,WH-02,PRD-01,9,7,8,55,True,26.83
2026-01-25,Q1 2026,WH-02,PRD-01,9,7,5,57,True,27.8
2026-01-26,Q1 2026,WH-02,PRD-01,8,7,9,55,True,26.83
2026-01-27,Q1 2026,WH-02,PRD-01,9,7,7,55,True,26.83
2026-01-28,Q1 2026,WH-02,PRD-01,7,7,8,54,True,26.34
2026-01-29,Q1 2026,WH-02,PRD-01,11,8,9,53,True,25.85
2026-01-30,Q1 2026,WH-02,PRD-01,7,7,5,55,True,26.83
2026-01-31,Q1 2026,WH-02,PRD-01,11,9,6,58,True,28.29
2026-02-01,Q1 2026,WH-02,PRD-01,8,9,9,58,True,28.29
2026-02-02,Q1 2026,WH-02,PRD-01,6,7,12,53,True,25.85
2026-02-03,Q1 2026,WH-02,PRD-01,10,11,7,57,True,27.8
2026-02-04,Q1 2026,WH-02,PRD-01,8,6,9,54,True,26.34
2026-02-05,Q1 2026,WH-02,PRD-01,9,5,7,52,True,25.37
2026-02-06,Q1 2026,WH-02,PRD-01,10,9,12,49,True,23.9
2026-02-07,Q1 2026,WH-02,PRD-01,9,7,4,52,True,25.37
2026-02-08,Q1 2026,WH-02,PRD-01,7,9,8,53,True,25.85
2026-02-09,Q1 2026,WH-02,PRD-01,10,3,4,52,True,25.37
2026-02-10,Q1 2026,WH-02,PRD-01,8,11,2,61,True,29.76
2026-02-11,Q1 2026,WH-02,PRD-01,9,10,8,63,True,30.73
2026-02-12,Q1 2026,WH-02,PRD-01,5,5,8,60,True,29.27
2026-02-13,Q1 2026,WH-02,PRD-01,9,5,7,58,True,28.29
2026-02-14,Q1 2026,WH-02,PRD-01,7,12,7,63,True,30.73
2026-02-15,Q1 2026,WH-02,PRD-01,11,7,15,55,True,26.83
2026-02-16,Q1 2026,WH-02,PRD-01,9,7,7,55,True,26.83
2026-02-17,Q1 2026,WH-02,PRD-01,8,4,9,50,True,24.39
2026-02-18,Q1 2026,WH-02,PRD-01,9,8,6,52,True,25.37
2026-02-19,Q1 2026,WH-02,PRD-01,6,8,8,52,True,25.37
2026-02-20,Q1 2026,WH-02,PRD-01,11,10,7,55,True,26.83
2026-02-21,Q1 2026,WH-02,PRD-01,11,6,7,54,True,26.34
2026-02-22,Q1 2026,WH-02,PRD-01,9,5,12,47,True,22.93
2026-02-23,Q1 2026,WH-02,PRD-01,10,9,10,46,True,22.44
2026-02-24,Q1 2026,WH-02,PRD-01,7,11,8,49,True,23.9
2026-02-25,Q1 2026,WH-02,PRD-01,7,5,2,52,True,25.37
2026-02-26,Q1 2026,WH-02,PRD-01,8,11,7,56,True,27.32
2026-02-27,Q1 2026,WH-02,PRD-01,9,9,14,51,True,24.88
2026-02-28,Q1 2026,WH-02,PRD-01,7,11,7,55,True,26.83
2026-03-01,Q1 2026,WH-02,PRD-01,9,8,10,53,True,25.85
2026-03-02,Q1 2026,WH-02,PRD-01,8,3,11,45,True,21.95
2026-03-03,Q1 2026,WH-02,PRD-01,6,8,8,45,True,21.95
2026-03-04,Q1 2026,WH-02,PRD-01,9,11,6,50,True,24.39
2026-03-05,Q1 2026,WH-02,PRD-01,9,7,2,55,True,26.83
2026-03-06,Q1 2026,WH-02,PRD-01,8,8,9,54,True,26.34
2026-03-07,Q1 2026,WH-02,PRD-01,10,8,6,56,True,27.32
2026-03-08,Q1 2026,WH-02,PRD-01,6,2,8,50,True,24.39
2026-03-09,Q1 2026,WH-02,PRD-01,9,12,5,57,True,27.8
2026-03-10,Q1 2026,WH-02,PRD-01,6,7,7,57,True,27.8
2026-03-11,Q1 2026,WH-02,PRD-01,6,10,8,59,True,28.78
2026-03-12,Q1 2026,WH-02,PRD-01,7,8,8,59,True,28.78
2026-03-13,Q1 2026,WH-02,PRD-01,6,11,5,65,True,31.71
2026-03-14,Q1 2026,WH-02,PRD-01,7,9,10,64,True,31.22
2026-03-15,Q1 2026,WH-02,PRD-01,8,8,6,66,True,32.2
2026-03-16,Q1 2026,WH-02,PRD-01,9,7,4,69,False,33.66
2026-03-17,Q1 2026,WH-02,PRD-01,7,10,7,72,False,35.12
2026-03-18,Q1 2026,WH-02,PRD-01,5,5,8,69,False,33.66
2026-03-19,Q1 2026,WH-02,PRD-01,10,10,8,71,False,34.63
2026-03-20,Q1 2026,WH-02,PRD-01,7,6,11,66,True,32.2
2026-03-21,Q1 2026,WH-02,PRD-01,8,11,7,70,False,34.15
2026-03-22,Q1 2026,WH-02,PRD-01,9,9,7,72,False,35.12
2026-03-23,Q1 2026,WH-02,PRD-01,8,10,5,77,False,37.56
2026-03-24,Q1 2026,WH-02,PRD-01,10,9,9,77,False,37.56
2026-03-25,Q1 2026,WH-02,PRD-01,9,5,8,74,False,36.1
2026-03-26,Q1 2026,WH-02,PRD-01,7,7,7,74,False,36.1
2026-03-27,Q1 2026,WH-02,PRD-01,11,10,3,81,False,39.51
2026-03-28,Q1 2026,WH-02,PRD-01,8,9,11,79,False,38.54
2026-03-29,Q1 2026,WH-02,PRD-01,8,11,5,85,False,41.46
2026-03-30,Q1 2026,WH-02,PRD-01,10,9,6,88,False,42.93
2026-03-31,Q1 2026,WH-02,PRD-01,8,6,8,86,False,41.95
2026-01-01,Q1 2026,WH-03,PRD-03,615,530,778,4966,True,27.93
2026-01-02,Q1 2026,WH-03,PRD-03,1155,870,1217,4619,True,25.98
2026-01-03,Q1 2026,WH-03,PRD-03,1088,607,639,4587,True,25.8
2026-01-04,Q1 2026,WH-03,PRD-03,608,736,630,4693,True,26.4
2026-01-05,Q1 2026,WH-03,PRD-03,1043,576,721,4548,True,25.58
2026-01-06,Q1 2026,WH-03,PRD-03,729,936,920,4564,True,25.67
2026-01-07,Q1 2026,WH-03,PRD-03,813,614,382,4796,True,26.98
2026-01-08,Q1 2026,WH-03,PRD-03,782,884,286,5394,True,30.34
2026-01-09,Q1 2026,WH-03,PRD-03,688,710,574,5530,True,31.11
2026-01-10,Q1 2026,WH-03,PRD-03,948,754,355,5929,True,33.35
2026-01-11,Q1 2026,WH-03,PRD-03,812,805,608,6126,True,34.46
2026-01-12,Q1 2026,WH-03,PRD-03,717,629,802,5953,True,33.49
2026-01-13,Q1 2026,WH-03,PRD-03,585,817,510,6260,True,35.21
2026-01-14,Q1 2026,WH-03,PRD-03,651,1074,398,6936,False,39.02
2026-01-15,Q1 2026,WH-03,PRD-03,532,626,711,6851,False,38.54
2026-01-16,Q1 2026,WH-03,PRD-03,794,1004,877,6978,False,39.25
2026-01-17,Q1 2026,WH-03,PRD-03,603,1067,342,7703,False,43.33
2026-01-18,Q1 2026,WH-03,PRD-03,750,618,868,7453,False,41.92
2026-01-19,Q1 2026,WH-03,PRD-03,1009,494,867,7080,False,39.83
2026-01-20,Q1 2026,WH-03,PRD-03,982,835,896,7019,False,39.48
2026-01-21,Q1 2026,WH-03,PRD-03,787,670,951,6738,False,37.9
2026-01-22,Q1 2026,WH-03,PRD-03,778,1139,1157,6720,False,37.8
2026-01-23,Q1 2026,WH-03,PRD-03,1090,783,622,6881,False,38.71
2026-01-24,Q1 2026,WH-03,PRD-03,875,621,719,6783,False,38.16
2026-01-25,Q1 2026,WH-03,PRD-03,740,554,610,6727,False,37.84
2026-01-26,Q1 2026,WH-03,PRD-03,566,988,697,7018,False,39.48
2026-01-27,Q1 2026,WH-03,PRD-03,855,666,1017,6667,False,37.5
2026-01-28,Q1 2026,WH-03,PRD-03,924,785,416,7036,False,39.58
2026-01-29,Q1 2026,WH-03,PRD-03,692,962,517,7481,False,42.08
2026-01-30,Q1 2026,WH-03,PRD-03,838,683,984,7180,False,40.39
2026-01-31,Q1 2026,WH-03,PRD-03,735,768,910,7038,False,39.59
2026-02-01,Q1 2026,WH-03,PRD-03,763,773,621,7190,False,40.45
2026-02-02,Q1 2026,WH-03,PRD-03,398,909,875,7224,False,40.64
2026-02-03,Q1 2026,WH-03,PRD-03,757,891,768,7347,False,41.33
2026-02-04,Q1 2026,WH-03,PRD-03,946,734,1010,7071,False,39.78
2026-02-05,Q1 2026,WH-03,PRD-03,692,789,712,7148,False,40.21
2026-02-06,Q1 2026,WH-03,PRD-03,800,704,911,6941,False,39.04
2026-02-07,Q1 2026,WH-03,PRD-03,672,490,1249,6182,True,34.78
2026-02-08,Q1 2026,WH-03,PRD-03,849,827,822,6187,True,34.8
2026-02-09,Q1 2026,WH-03,PRD-03,758,1144,707,6624,False,37.26
2026-02-10,Q1 2026,WH-03,PRD-03,643,605,848,6381,True,35.89
2026-02-11,Q1 2026,WH-03,PRD-03,1003,627,620,6388,True,35.93
2026-02-12,Q1 2026,WH-03,PRD-03,939,608,1196,5800,True,32.63
2026-02-13,Q1 2026,WH-03,PRD-03,696,917,734,5983,True,33.66
2026-02-14,Q1 2026,WH-03,PRD-03,871,864,640,6207,True,34.92
2026-02-15,Q1 2026,WH-03,PRD-03,877,746,522,6431,True,36.18
2026-02-16,Q1 2026,WH-03,PRD-03,894,598,926,6103,True,34.33
2026-02-17,Q1 2026,WH-03,PRD-03,524,795,878,6020,True,33.86
2026-02-18,Q1 2026,WH-03,PRD-03,952,473,593,5900,True,33.19
2026-02-19,Q1 2026,WH-03,PRD-03,702,804,817,5887,True,33.12
2026-02-20,Q1 2026,WH-03,PRD-03,735,946,381,6452,True,36.29
2026-02-21,Q1 2026,WH-03,PRD-03,1210,534,735,6251,True,35.16
2026-02-22,Q1 2026,WH-03,PRD-03,840,479,791,5939,True,33.41
2026-02-23,Q1 2026,WH-03,PRD-03,731,1083,1053,5969,True,33.58
2026-02-24,Q1 2026,WH-03,PRD-03,443,658,535,6092,True,34.27
2026-02-25,Q1 2026,WH-03,PRD-03,1012,997,429,6660,False,37.46
2026-02-26,Q1 2026,WH-03,PRD-03,579,747,509,6898,False,38.8
2026-02-27,Q1 2026,WH-03,PRD-03,633,745,417,7226,False,40.65
2026-02-28,Q1 2026,WH-03,PRD-03,740,862,976,7112,False,40.01
2026-03-01,Q1 2026,WH-03,PRD-03,1017,605,1020,6697,False,37.67
2026-03-02,Q1 2026,WH-03,PRD-03,915,802,763,6736,False,37.89
2026-03-03,Q1 2026,WH-03,PRD-03,767,703,952,6487,True,36.49
2026-03-04,Q1 2026,WH-03,PRD-03,841,520,725,6282,True,35.34
2026-03-05,Q1 2026,WH-03,PRD-03,697,842,677,6447,True,36.27
2026-03-06,Q1 2026,WH-03,PRD-03,814,725,627,6545,False,36.82
2026-03-07,Q1 2026,WH-03,PRD-03,804,746,632,6659,False,37.46
2026-03-08,Q1 2026,WH-03,PRD-03,946,542,373,6828,False,38.41
2026-03-09,Q1 2026,WH-03,PRD-03,945,1086,752,7162,False,40.29
2026-03-10,Q1 2026,WH-03,PRD-03,870,947,688,7421,False,41.74
2026-03-11,Q1 2026,WH-03,PRD-03,735,964,852,7533,False,42.37
2026-03-12,Q1 2026,WH-03,PRD-03,910,717,716,7534,False,42.38
2026-03-13,Q1 2026,WH-03,PRD-03,778,441,663,7312,False,41.13
2026-03-14,Q1 2026,WH-03,PRD-03,621,1156,515,7953,False,44.74
2026-03-15,Q1 2026,WH-03,PRD-03,728,765,712,8006,False,45.04
2026-03-16,Q1 2026,WH-03,PRD-03,806,631,851,7786,False,43.8
2026-03-17,Q1 2026,WH-03,PRD-03,936,858,458,8186,False,46.05
2026-03-18,Q1 2026,WH-03,PRD-03,763,1003,715,8474,False,47.67
2026-03-19,Q1 2026,WH-03,PRD-03,601,772,745,8501,False,47.82
2026-03-20,Q1 2026,WH-03,PRD-03,801,1025,547,8979,False,50.51
2026-03-21,Q1 2026,WH-03,PRD-03,810,987,574,9392,False,52.83
2026-03-22,Q1 2026,WH-03,PRD-03,822,568,745,9215,False,51.84
2026-03-23,Q1 2026,WH-03,PRD-03,938,646,460,9401,False,52.88
2026-03-24,Q1 2026,WH-03,PRD-03,954,963,770,9594,False,53.97
2026-03-25,Q1 2026,WH-03,PRD-03,698,250,509,9335,False,52.51
2026-03-26,Q1 2026,WH-03,PRD-03,695,748,919,9164,False,51.55
2026-03-27,Q1 2026,WH-03,PRD-03,627,499,1185,8478,False,47.69
2026-03-28,Q1 2026,WH-03,PRD-03,903,684,517,8645,False,48.63
2026-03-29,Q1 2026,WH-03,PRD-03,1022,719,808,8556,False,48.13
2026-03-30,Q1 2026,WH-03,PRD-03,742,707,545,8718,False,49.04
2026-03-31,Q1 2026,WH-03,PRD-03,754,669,914,8473,False,47.66
